-- phpMyAdmin SQL Dump
-- version 3.4.5
-- http://www.phpmyadmin.net
--
-- Servidor: localhost
-- Tiempo de generación: 03-07-2014 a las 11:51:26
-- Versión del servidor: 5.5.16
-- Versión de PHP: 5.3.8

SET SQL_MODE="NO_AUTO_VALUE_ON_ZERO";
SET time_zone = "+00:00";


/*!40101 SET @OLD_CHARACTER_SET_CLIENT=@@CHARACTER_SET_CLIENT */;
/*!40101 SET @OLD_CHARACTER_SET_RESULTS=@@CHARACTER_SET_RESULTS */;
/*!40101 SET @OLD_COLLATION_CONNECTION=@@COLLATION_CONNECTION */;
/*!40101 SET NAMES utf8 */;

--
-- Base de datos: `db_asistencia2`
--

-- --------------------------------------------------------

--
-- Estructura de tabla para la tabla `control`
--

CREATE TABLE IF NOT EXISTS `control` (
  `id` int(10) NOT NULL AUTO_INCREMENT,
  `estudiante_id` int(10) NOT NULL,
  `evento_id` int(10) NOT NULL,
  `fechahora` timestamp NOT NULL DEFAULT CURRENT_TIMESTAMP ON UPDATE CURRENT_TIMESTAMP,
  `tipo` varchar(10) NOT NULL,
  PRIMARY KEY (`id`)
) ENGINE=InnoDB  DEFAULT CHARSET=latin1 AUTO_INCREMENT=2336 ;

--
-- Volcado de datos para la tabla `control`
--

INSERT INTO `control` (`id`, `estudiante_id`, `evento_id`, `fechahora`, `tipo`) VALUES
(1, 471, 1, '2014-04-03 22:31:40', 'ENTRADA'),
(4, 159, 1, '2014-04-03 22:31:56', 'ENTRADA'),
(5, 163, 1, '2014-04-03 22:32:06', 'ENTRADA'),
(6, 98, 1, '2014-04-03 22:32:12', 'ENTRADA'),
(7, 158, 1, '2014-04-03 22:32:15', 'ENTRADA'),
(8, 131, 1, '2014-04-03 22:32:21', 'ENTRADA'),
(9, 111, 1, '2014-04-03 22:32:27', 'ENTRADA'),
(10, 116, 1, '2014-04-03 22:32:30', 'ENTRADA'),
(11, 103, 1, '2014-04-03 22:32:36', 'ENTRADA'),
(12, 182, 1, '2014-04-03 22:32:41', 'ENTRADA'),
(13, 119, 1, '2014-04-03 22:32:47', 'ENTRADA'),
(14, 590, 1, '2014-04-03 22:32:50', 'ENTRADA'),
(15, 120, 1, '2014-04-03 22:32:53', 'ENTRADA'),
(16, 125, 1, '2014-04-03 22:32:55', 'ENTRADA'),
(17, 325, 1, '2014-04-03 22:32:58', 'ENTRADA'),
(18, 167, 1, '2014-04-03 22:33:02', 'ENTRADA'),
(19, 557, 1, '2014-04-03 22:33:04', 'ENTRADA'),
(20, 563, 1, '2014-04-03 22:33:15', 'ENTRADA'),
(21, 170, 1, '2014-04-03 22:33:21', 'ENTRADA'),
(22, 573, 1, '2014-04-03 22:33:24', 'ENTRADA'),
(23, 173, 1, '2014-04-03 22:33:27', 'ENTRADA'),
(24, 581, 1, '2014-04-03 22:33:43', 'ENTRADA'),
(25, 344, 1, '2014-04-03 22:33:45', 'ENTRADA'),
(26, 174, 1, '2014-04-03 22:33:48', 'ENTRADA'),
(27, 178, 1, '2014-04-03 22:33:54', 'ENTRADA'),
(28, 162, 1, '2014-04-03 22:33:59', 'ENTRADA'),
(29, 333, 1, '2014-04-03 22:34:03', 'ENTRADA'),
(30, 165, 1, '2014-04-03 22:34:09', 'ENTRADA'),
(31, 576, 1, '2014-04-03 22:34:14', 'ENTRADA'),
(32, 160, 1, '2014-04-03 22:34:17', 'ENTRADA'),
(33, 589, 1, '2014-04-03 22:34:20', 'ENTRADA'),
(34, 179, 1, '2014-04-03 22:34:23', 'ENTRADA'),
(35, 481, 1, '2014-04-03 22:34:25', 'ENTRADA'),
(36, 567, 1, '2014-04-03 22:34:28', 'ENTRADA'),
(37, 475, 1, '2014-04-03 22:34:31', 'ENTRADA'),
(38, 168, 1, '2014-04-03 22:34:35', 'ENTRADA'),
(39, 857, 1, '2014-04-03 22:34:39', 'ENTRADA'),
(40, 208, 1, '2014-04-03 22:34:43', 'ENTRADA'),
(41, 865, 1, '2014-04-03 22:34:51', 'ENTRADA'),
(42, 856, 1, '2014-04-03 22:34:55', 'ENTRADA'),
(43, 843, 1, '2014-04-03 22:34:59', 'ENTRADA'),
(44, 263, 1, '2014-04-03 22:35:04', 'ENTRADA'),
(45, 279, 1, '2014-04-03 22:35:10', 'ENTRADA'),
(46, 841, 1, '2014-04-03 22:35:13', 'ENTRADA'),
(47, 861, 1, '2014-04-03 22:35:16', 'ENTRADA'),
(48, 714, 1, '2014-04-03 22:35:18', 'ENTRADA'),
(49, 848, 1, '2014-04-03 22:35:21', 'ENTRADA'),
(50, 859, 1, '2014-04-03 22:35:25', 'ENTRADA'),
(51, 867, 1, '2014-04-03 22:35:28', 'ENTRADA'),
(52, 318, 1, '2014-04-03 22:35:33', 'ENTRADA'),
(53, 291, 1, '2014-04-03 22:35:38', 'ENTRADA'),
(54, 304, 1, '2014-04-03 22:35:41', 'ENTRADA'),
(55, 114, 1, '2014-04-03 22:35:47', 'ENTRADA'),
(56, 307, 1, '2014-04-03 22:35:50', 'ENTRADA'),
(57, 112, 1, '2014-04-03 22:35:54', 'ENTRADA'),
(58, 316, 1, '2014-04-03 22:35:58', 'ENTRADA'),
(59, 122, 1, '2014-04-03 22:36:03', 'ENTRADA'),
(60, 792, 1, '2014-04-03 22:36:05', 'ENTRADA'),
(61, 846, 1, '2014-04-03 22:36:07', 'ENTRADA'),
(62, 850, 1, '2014-04-03 22:36:10', 'ENTRADA'),
(63, 866, 1, '2014-04-03 22:36:15', 'ENTRADA'),
(64, 100, 1, '2014-04-03 22:36:20', 'ENTRADA'),
(65, 363, 1, '2014-04-03 22:36:23', 'ENTRADA'),
(66, 353, 1, '2014-04-03 22:36:27', 'ENTRADA'),
(67, 44, 1, '2014-04-03 22:36:32', 'ENTRADA'),
(68, 50, 1, '2014-04-03 22:36:36', 'ENTRADA'),
(69, 350, 1, '2014-04-03 22:36:41', 'ENTRADA'),
(70, 352, 1, '2014-04-03 22:36:44', 'ENTRADA'),
(71, 359, 1, '2014-04-03 22:36:47', 'ENTRADA'),
(72, 110, 1, '2014-04-03 22:36:52', 'ENTRADA'),
(73, 346, 1, '2014-04-03 22:36:54', 'ENTRADA'),
(74, 166, 1, '2014-04-03 22:36:58', 'ENTRADA'),
(75, 171, 1, '2014-04-03 22:37:00', 'ENTRADA'),
(76, 362, 1, '2014-04-03 22:37:03', 'ENTRADA'),
(77, 356, 1, '2014-04-03 22:37:06', 'ENTRADA'),
(78, 358, 1, '2014-04-03 22:37:08', 'ENTRADA'),
(79, 348, 1, '2014-04-03 22:37:10', 'ENTRADA'),
(80, 384, 1, '2014-04-03 22:37:13', 'ENTRADA'),
(81, 360, 1, '2014-04-03 22:37:17', 'ENTRADA'),
(82, 361, 1, '2014-04-03 22:37:20', 'ENTRADA'),
(83, 561, 1, '2014-04-03 22:37:23', 'ENTRADA'),
(84, 578, 1, '2014-04-03 22:37:26', 'ENTRADA'),
(85, 569, 1, '2014-04-03 22:37:29', 'ENTRADA'),
(86, 181, 1, '2014-04-03 22:37:32', 'ENTRADA'),
(87, 357, 1, '2014-04-03 22:37:34', 'ENTRADA'),
(88, 565, 1, '2014-04-03 22:37:37', 'ENTRADA'),
(89, 349, 1, '2014-04-03 22:37:39', 'ENTRADA'),
(90, 69, 1, '2014-04-03 22:37:42', 'ENTRADA'),
(91, 322, 1, '2014-04-03 22:37:45', 'ENTRADA'),
(92, 339, 1, '2014-04-03 22:37:47', 'ENTRADA'),
(93, 794, 1, '2014-04-03 22:37:50', 'ENTRADA'),
(94, 802, 1, '2014-04-03 22:37:53', 'ENTRADA'),
(95, 786, 1, '2014-04-03 22:37:55', 'ENTRADA'),
(96, 809, 1, '2014-04-03 22:37:59', 'ENTRADA'),
(97, 800, 1, '2014-04-03 22:38:02', 'ENTRADA'),
(98, 804, 1, '2014-04-03 22:38:05', 'ENTRADA'),
(99, 798, 1, '2014-04-03 22:38:07', 'ENTRADA'),
(100, 663, 1, '2014-04-03 22:38:11', 'ENTRADA'),
(101, 806, 1, '2014-04-03 22:38:15', 'ENTRADA'),
(102, 662, 1, '2014-04-03 22:38:18', 'ENTRADA'),
(103, 45, 1, '2014-04-03 22:38:27', 'ENTRADA'),
(104, 46, 1, '2014-04-03 22:38:29', 'ENTRADA'),
(105, 783, 1, '2014-04-03 22:38:33', 'ENTRADA'),
(106, 483, 1, '2014-04-03 22:38:35', 'ENTRADA'),
(107, 130, 1, '2014-04-03 22:38:39', 'ENTRADA'),
(108, 785, 1, '2014-04-03 22:38:44', 'ENTRADA'),
(109, 115, 1, '2014-04-03 22:38:46', 'ENTRADA'),
(110, 77, 1, '2014-04-03 22:38:51', 'ENTRADA'),
(111, 862, 1, '2014-04-03 22:38:57', 'ENTRADA'),
(112, 108, 1, '2014-04-03 22:39:01', 'ENTRADA'),
(113, 853, 1, '2014-04-03 22:39:04', 'ENTRADA'),
(114, 855, 1, '2014-04-03 22:39:08', 'ENTRADA'),
(115, 476, 1, '2014-04-03 22:39:13', 'ENTRADA'),
(116, 480, 1, '2014-04-03 22:39:15', 'ENTRADA'),
(117, 473, 1, '2014-04-03 22:39:18', 'ENTRADA'),
(118, 649, 1, '2014-04-03 22:39:23', 'ENTRADA'),
(119, 653, 1, '2014-04-03 22:39:26', 'ENTRADA'),
(120, 712, 1, '2014-04-03 22:39:29', 'ENTRADA'),
(121, 660, 1, '2014-04-03 22:39:35', 'ENTRADA'),
(122, 706, 1, '2014-04-03 22:39:39', 'ENTRADA'),
(123, 693, 1, '2014-04-03 22:39:43', 'ENTRADA'),
(124, 303, 1, '2014-04-03 22:39:46', 'ENTRADA'),
(125, 710, 1, '2014-04-03 22:39:49', 'ENTRADA'),
(126, 705, 1, '2014-04-03 22:39:55', 'ENTRADA'),
(127, 300, 1, '2014-04-03 22:40:02', 'ENTRADA'),
(128, 692, 1, '2014-04-03 22:40:10', 'ENTRADA'),
(129, 310, 1, '2014-04-03 22:40:12', 'ENTRADA'),
(130, 297, 1, '2014-04-03 22:40:20', 'ENTRADA'),
(131, 298, 1, '2014-04-03 22:40:24', 'ENTRADA'),
(132, 311, 1, '2014-04-03 22:40:26', 'ENTRADA'),
(133, 292, 1, '2014-04-03 22:40:31', 'ENTRADA'),
(134, 679, 1, '2014-04-03 22:40:34', 'ENTRADA'),
(135, 313, 1, '2014-04-03 22:40:36', 'ENTRADA'),
(136, 650, 1, '2014-04-03 22:40:39', 'ENTRADA'),
(137, 698, 1, '2014-04-03 22:40:41', 'ENTRADA'),
(138, 681, 1, '2014-04-03 22:40:47', 'ENTRADA'),
(139, 913, 1, '2014-04-03 22:40:50', 'ENTRADA'),
(140, 709, 1, '2014-04-03 22:40:53', 'ENTRADA'),
(141, 684, 1, '2014-04-03 22:40:57', 'ENTRADA'),
(142, 964, 1, '2014-04-03 22:41:06', 'ENTRADA'),
(143, 953, 1, '2014-04-03 22:41:09', 'ENTRADA'),
(144, 673, 1, '2014-04-03 22:41:13', 'ENTRADA'),
(145, 695, 1, '2014-04-03 22:41:18', 'ENTRADA'),
(146, 315, 1, '2014-04-03 22:41:22', 'ENTRADA'),
(147, 701, 1, '2014-04-03 22:41:24', 'ENTRADA'),
(148, 308, 1, '2014-04-03 22:41:27', 'ENTRADA'),
(149, 312, 1, '2014-04-03 22:41:31', 'ENTRADA'),
(150, 689, 1, '2014-04-03 22:41:34', 'ENTRADA'),
(151, 691, 1, '2014-04-03 22:41:36', 'ENTRADA'),
(152, 317, 1, '2014-04-03 22:41:41', 'ENTRADA'),
(153, 309, 1, '2014-04-03 22:41:45', 'ENTRADA'),
(154, 675, 1, '2014-04-03 22:41:47', 'ENTRADA'),
(155, 694, 1, '2014-04-03 22:41:50', 'ENTRADA'),
(156, 697, 1, '2014-04-03 22:41:54', 'ENTRADA'),
(157, 700, 1, '2014-04-03 22:41:58', 'ENTRADA'),
(158, 124, 1, '2014-04-03 22:42:01', 'ENTRADA'),
(159, 101, 1, '2014-04-03 22:42:04', 'ENTRADA'),
(160, 940, 1, '2014-04-03 22:42:08', 'ENTRADA'),
(161, 109, 1, '2014-04-03 22:42:13', 'ENTRADA'),
(162, 93, 1, '2014-04-03 22:42:16', 'ENTRADA'),
(163, 711, 1, '2014-04-03 22:42:19', 'ENTRADA'),
(164, 70, 1, '2014-04-03 22:42:22', 'ENTRADA'),
(165, 949, 1, '2014-04-03 22:42:25', 'ENTRADA'),
(166, 960, 1, '2014-04-03 22:42:32', 'ENTRADA'),
(167, 956, 1, '2014-04-03 22:42:37', 'ENTRADA'),
(168, 680, 1, '2014-04-03 22:42:41', 'ENTRADA'),
(169, 704, 1, '2014-04-03 22:42:44', 'ENTRADA'),
(170, 678, 1, '2014-04-03 22:42:48', 'ENTRADA'),
(171, 95, 1, '2014-04-03 22:42:50', 'ENTRADA'),
(172, 708, 1, '2014-04-03 22:42:55', 'ENTRADA'),
(173, 677, 1, '2014-04-03 22:42:59', 'ENTRADA'),
(174, 84, 1, '2014-04-03 22:43:06', 'ENTRADA'),
(175, 73, 1, '2014-04-03 22:43:11', 'ENTRADA'),
(176, 702, 1, '2014-04-03 22:43:15', 'ENTRADA'),
(177, 92, 1, '2014-04-03 22:43:17', 'ENTRADA'),
(178, 699, 1, '2014-04-03 22:43:22', 'ENTRADA'),
(179, 707, 1, '2014-04-03 22:43:32', 'ENTRADA'),
(180, 958, 1, '2014-04-03 22:43:35', 'ENTRADA'),
(181, 80, 1, '2014-04-03 22:43:38', 'ENTRADA'),
(182, 82, 1, '2014-04-03 22:43:41', 'ENTRADA'),
(183, 676, 1, '2014-04-03 22:43:45', 'ENTRADA'),
(184, 808, 1, '2014-04-03 22:43:48', 'ENTRADA'),
(185, 799, 1, '2014-04-03 22:43:52', 'ENTRADA'),
(186, 94, 1, '2014-04-03 22:44:11', 'ENTRADA'),
(187, 810, 1, '2014-04-03 22:44:19', 'ENTRADA'),
(188, 76, 1, '2014-04-03 22:44:28', 'ENTRADA'),
(189, 87, 1, '2014-04-03 22:44:32', 'ENTRADA'),
(190, 97, 1, '2014-04-03 22:44:35', 'ENTRADA'),
(191, 85, 1, '2014-04-03 22:44:38', 'ENTRADA'),
(192, 580, 1, '2014-04-03 22:44:44', 'ENTRADA'),
(193, 290, 1, '2014-04-03 22:44:48', 'ENTRADA'),
(194, 803, 1, '2014-04-03 22:44:50', 'ENTRADA'),
(195, 801, 1, '2014-04-03 22:44:55', 'ENTRADA'),
(196, 448, 1, '2014-04-03 22:44:57', 'ENTRADA'),
(197, 793, 1, '2014-04-03 22:45:01', 'ENTRADA'),
(198, 486, 1, '2014-04-03 22:45:03', 'ENTRADA'),
(199, 788, 1, '2014-04-03 22:45:08', 'ENTRADA'),
(200, 367, 1, '2014-04-03 22:45:10', 'ENTRADA'),
(201, 372, 1, '2014-04-03 22:45:13', 'ENTRADA'),
(202, 380, 1, '2014-04-03 22:45:20', 'ENTRADA'),
(203, 852, 1, '2014-04-03 22:45:25', 'ENTRADA'),
(204, 472, 1, '2014-04-03 22:45:27', 'ENTRADA'),
(205, 854, 1, '2014-04-03 22:45:29', 'ENTRADA'),
(206, 951, 1, '2014-04-03 22:45:32', 'ENTRADA'),
(207, 941, 1, '2014-04-03 22:45:37', 'ENTRADA'),
(208, 828, 1, '2014-04-03 22:45:41', 'ENTRADA'),
(209, 842, 1, '2014-04-03 22:45:44', 'ENTRADA'),
(210, 927, 1, '2014-04-03 22:45:46', 'ENTRADA'),
(211, 935, 1, '2014-04-03 22:45:49', 'ENTRADA'),
(212, 820, 1, '2014-04-03 22:45:51', 'ENTRADA'),
(213, 269, 1, '2014-04-03 22:45:55', 'ENTRADA'),
(214, 286, 1, '2014-04-03 22:45:57', 'ENTRADA'),
(215, 933, 1, '2014-04-03 22:46:01', 'ENTRADA'),
(216, 268, 1, '2014-04-03 22:46:03', 'ENTRADA'),
(217, 583, 1, '2014-04-03 22:46:21', 'ENTRADA'),
(218, 260, 1, '2014-04-03 22:46:31', 'ENTRADA'),
(219, 574, 1, '2014-04-03 22:46:34', 'ENTRADA'),
(220, 306, 1, '2014-04-03 22:46:39', 'ENTRADA'),
(221, 478, 1, '2014-04-03 22:46:43', 'ENTRADA'),
(222, 265, 1, '2014-04-03 22:46:47', 'ENTRADA'),
(223, 477, 1, '2014-04-03 22:46:51', 'ENTRADA'),
(224, 465, 1, '2014-04-03 22:46:55', 'ENTRADA'),
(225, 277, 1, '2014-04-03 22:46:57', 'ENTRADA'),
(226, 164, 1, '2014-04-03 22:47:01', 'ENTRADA'),
(227, 10, 1, '2014-04-03 22:47:04', 'ENTRADA'),
(228, 8, 1, '2014-04-03 22:47:07', 'ENTRADA'),
(229, 484, 1, '2014-04-03 22:47:10', 'ENTRADA'),
(230, 642, 1, '2014-04-03 22:47:12', 'ENTRADA'),
(231, 469, 1, '2014-04-03 22:47:17', 'ENTRADA'),
(232, 646, 1, '2014-04-03 22:47:21', 'ENTRADA'),
(233, 643, 1, '2014-04-03 22:47:24', 'ENTRADA'),
(234, 652, 1, '2014-04-03 22:47:28', 'ENTRADA'),
(235, 868, 1, '2014-04-03 22:47:31', 'ENTRADA'),
(236, 654, 1, '2014-04-03 22:47:34', 'ENTRADA'),
(237, 651, 1, '2014-04-03 22:47:39', 'ENTRADA'),
(238, 731, 1, '2014-04-03 22:47:42', 'ENTRADA'),
(239, 389, 1, '2014-04-03 22:47:47', 'ENTRADA'),
(240, 864, 1, '2014-04-03 22:47:49', 'ENTRADA'),
(241, 366, 1, '2014-04-03 22:47:52', 'ENTRADA'),
(242, 937, 1, '2014-04-03 22:47:56', 'ENTRADA'),
(243, 645, 1, '2014-04-03 22:48:07', 'ENTRADA'),
(244, 959, 1, '2014-04-03 22:48:15', 'ENTRADA'),
(245, 718, 1, '2014-04-03 22:48:19', 'ENTRADA'),
(246, 439, 1, '2014-04-03 22:48:21', 'ENTRADA'),
(247, 936, 1, '2014-04-03 22:48:25', 'ENTRADA'),
(248, 458, 1, '2014-04-03 22:48:28', 'ENTRADA'),
(249, 445, 1, '2014-04-03 22:48:30', 'ENTRADA'),
(250, 440, 1, '2014-04-03 22:48:33', 'ENTRADA'),
(251, 729, 1, '2014-04-03 22:48:36', 'ENTRADA'),
(252, 952, 1, '2014-04-03 22:48:38', 'ENTRADA'),
(253, 720, 1, '2014-04-03 22:48:42', 'ENTRADA'),
(254, 963, 1, '2014-04-03 22:48:46', 'ENTRADA'),
(255, 736, 1, '2014-04-03 22:48:49', 'ENTRADA'),
(256, 938, 1, '2014-04-03 22:48:52', 'ENTRADA'),
(257, 957, 1, '2014-04-03 22:48:55', 'ENTRADA'),
(258, 0, 1, '2014-04-03 22:49:05', 'ENTRADA'),
(259, 199, 1, '2014-04-03 22:49:16', 'ENTRADA'),
(260, 943, 1, '2014-04-03 22:49:24', 'ENTRADA'),
(261, 903, 1, '2014-04-03 22:50:57', 'ENTRADA'),
(262, 727, 1, '2014-04-03 22:52:18', 'ENTRADA'),
(263, 207, 1, '2014-04-03 23:06:43', 'ENTRADA'),
(264, 47, 1, '2014-04-03 23:07:18', 'ENTRADA'),
(265, 611, 1, '2014-04-03 23:07:26', 'ENTRADA'),
(266, 51, 1, '2014-04-03 23:07:35', 'ENTRADA'),
(267, 81, 1, '2014-04-03 23:07:46', 'ENTRADA'),
(268, 529, 1, '2014-04-03 23:07:47', 'ENTRADA'),
(269, 91, 1, '2014-04-03 23:07:51', 'ENTRADA'),
(270, 521, 1, '2014-04-03 23:07:57', 'ENTRADA'),
(271, 674, 1, '2014-04-03 23:07:59', 'ENTRADA'),
(272, 606, 1, '2014-04-03 23:08:03', 'ENTRADA'),
(273, 655, 1, '2014-04-03 23:08:04', 'ENTRADA'),
(274, 670, 1, '2014-04-03 23:08:10', 'ENTRADA'),
(275, 64, 1, '2014-04-03 23:08:12', 'ENTRADA'),
(276, 299, 1, '2014-04-03 23:08:15', 'ENTRADA'),
(277, 669, 1, '2014-04-03 23:08:20', 'ENTRADA'),
(278, 648, 1, '2014-04-03 23:08:22', 'ENTRADA'),
(279, 784, 1, '2014-04-03 23:08:26', 'ENTRADA'),
(280, 672, 1, '2014-04-03 23:08:29', 'ENTRADA'),
(281, 791, 1, '2014-04-03 23:08:38', 'ENTRADA'),
(282, 666, 1, '2014-04-03 23:08:37', 'ENTRADA'),
(283, 811, 1, '2014-04-03 23:08:42', 'ENTRADA'),
(284, 148, 1, '2014-04-03 23:08:44', 'ENTRADA'),
(285, 827, 1, '2014-04-03 23:09:02', 'ENTRADA'),
(286, 835, 1, '2014-04-03 23:09:06', 'ENTRADA'),
(287, 423, 1, '2014-04-03 23:09:08', 'ENTRADA'),
(288, 39, 1, '2014-04-03 23:09:13', 'ENTRADA'),
(289, 501, 1, '2014-04-03 23:09:18', 'ENTRADA'),
(290, 224, 1, '2014-04-03 23:09:19', 'ENTRADA'),
(291, 503, 1, '2014-04-03 23:09:25', 'ENTRADA'),
(292, 219, 1, '2014-04-03 23:09:24', 'ENTRADA'),
(293, 929, 1, '2014-04-03 23:09:30', 'ENTRADA'),
(294, 225, 1, '2014-04-03 23:09:35', 'ENTRADA'),
(295, 507, 1, '2014-04-03 23:09:35', 'ENTRADA'),
(296, 212, 1, '2014-04-03 23:09:41', 'ENTRADA'),
(297, 506, 1, '2014-04-03 23:09:40', 'ENTRADA'),
(298, 514, 1, '2014-04-03 23:09:45', 'ENTRADA'),
(299, 107, 1, '2014-04-03 23:09:47', 'ENTRADA'),
(300, 508, 1, '2014-04-03 23:09:49', 'ENTRADA'),
(301, 137, 1, '2014-04-03 23:09:54', 'ENTRADA'),
(302, 813, 1, '2014-04-03 23:09:53', 'ENTRADA'),
(303, 488, 1, '2014-04-03 23:09:58', 'ENTRADA'),
(304, 456, 1, '2014-04-03 23:10:02', 'ENTRADA'),
(305, 733, 1, '2014-04-03 23:10:07', 'ENTRADA'),
(306, 745, 1, '2014-04-03 23:10:14', 'ENTRADA'),
(307, 932, 1, '2014-04-03 23:10:29', 'ENTRADA'),
(308, 498, 1, '2014-04-03 23:10:38', 'ENTRADA'),
(309, 920, 1, '2014-04-03 23:10:40', 'ENTRADA'),
(310, 453, 1, '2014-04-03 23:10:42', 'ENTRADA'),
(311, 497, 1, '2014-04-03 23:10:51', 'ENTRADA'),
(312, 931, 1, '2014-04-03 23:10:56', 'ENTRADA'),
(313, 505, 1, '2014-04-03 23:10:59', 'ENTRADA'),
(314, 54, 1, '2014-04-03 23:11:04', 'ENTRADA'),
(315, 732, 1, '2014-04-03 23:11:05', 'ENTRADA'),
(316, 42, 1, '2014-04-03 23:11:11', 'ENTRADA'),
(317, 726, 1, '2014-04-03 23:11:10', 'ENTRADA'),
(318, 901, 1, '2014-04-03 23:11:18', 'ENTRADA'),
(319, 72, 1, '2014-04-03 23:11:23', 'ENTRADA'),
(320, 37, 1, '2014-04-03 23:11:26', 'ENTRADA'),
(321, 88, 1, '2014-04-03 23:11:30', 'ENTRADA'),
(322, 68, 1, '2014-04-03 23:11:32', 'ENTRADA'),
(323, 26, 1, '2014-04-03 23:11:34', 'ENTRADA'),
(324, 62, 1, '2014-04-03 23:11:40', 'ENTRADA'),
(325, 89, 1, '2014-04-03 23:11:39', 'ENTRADA'),
(326, 23, 1, '2014-04-03 23:11:43', 'ENTRADA'),
(327, 35, 1, '2014-04-03 23:11:47', 'ENTRADA'),
(328, 135, 1, '2014-04-03 23:11:49', 'ENTRADA'),
(329, 25, 1, '2014-04-03 23:11:52', 'ENTRADA'),
(330, 136, 1, '2014-04-03 23:11:58', 'ENTRADA'),
(331, 149, 1, '2014-04-03 23:12:06', 'ENTRADA'),
(332, 12, 1, '2014-04-03 23:12:09', 'ENTRADA'),
(333, 157, 1, '2014-04-03 23:12:13', 'ENTRADA'),
(334, 151, 1, '2014-04-03 23:12:19', 'ENTRADA'),
(335, 16, 1, '2014-04-03 23:12:23', 'ENTRADA'),
(336, 147, 1, '2014-04-03 23:12:26', 'ENTRADA'),
(337, 6, 1, '2014-04-03 23:12:28', 'ENTRADA'),
(338, 155, 1, '2014-04-03 23:12:32', 'ENTRADA'),
(339, 22, 1, '2014-04-03 23:12:33', 'ENTRADA'),
(340, 150, 1, '2014-04-03 23:12:39', 'ENTRADA'),
(341, 627, 1, '2014-04-03 23:12:37', 'ENTRADA'),
(342, 132, 1, '2014-04-03 23:12:48', 'ENTRADA'),
(343, 14, 1, '2014-04-03 23:12:48', 'ENTRADA'),
(344, 716, 1, '2014-04-03 23:12:54', 'ENTRADA'),
(345, 138, 1, '2014-04-03 23:12:56', 'ENTRADA'),
(346, 152, 1, '2014-04-03 23:13:02', 'ENTRADA'),
(347, 617, 1, '2014-04-03 23:13:04', 'ENTRADA'),
(348, 133, 1, '2014-04-03 23:13:14', 'ENTRADA'),
(349, 616, 1, '2014-04-03 23:13:13', 'ENTRADA'),
(350, 460, 1, '2014-04-03 23:13:18', 'ENTRADA'),
(351, 134, 1, '2014-04-03 23:13:21', 'ENTRADA'),
(352, 457, 1, '2014-04-03 23:13:24', 'ENTRADA'),
(353, 639, 1, '2014-04-03 23:13:28', 'ENTRADA'),
(354, 621, 1, '2014-04-03 23:13:29', 'ENTRADA'),
(355, 631, 1, '2014-04-03 23:13:35', 'ENTRADA'),
(356, 31, 1, '2014-04-03 23:13:34', 'ENTRADA'),
(357, 436, 1, '2014-04-03 23:13:39', 'ENTRADA'),
(358, 613, 1, '2014-04-03 23:13:41', 'ENTRADA'),
(359, 833, 1, '2014-04-03 23:13:45', 'ENTRADA'),
(360, 630, 1, '2014-04-03 23:13:50', 'ENTRADA'),
(361, 400, 1, '2014-04-03 23:13:54', 'ENTRADA'),
(362, 748, 1, '2014-04-03 23:14:01', 'ENTRADA'),
(363, 599, 1, '2014-04-03 23:14:07', 'ENTRADA'),
(364, 48, 1, '2014-04-03 23:14:09', 'ENTRADA'),
(365, 604, 1, '2014-04-03 23:14:11', 'ENTRADA'),
(366, 140, 1, '2014-04-03 23:14:15', 'ENTRADA'),
(367, 622, 1, '2014-04-03 23:14:15', 'ENTRADA'),
(368, 730, 1, '2014-04-03 23:14:24', 'ENTRADA'),
(369, 746, 1, '2014-04-03 23:14:31', 'ENTRADA'),
(370, 609, 1, '2014-04-03 23:14:30', 'ENTRADA'),
(371, 744, 1, '2014-04-03 23:14:37', 'ENTRADA'),
(372, 13, 1, '2014-04-03 23:14:38', 'ENTRADA'),
(373, 24, 1, '2014-04-03 23:14:43', 'ENTRADA'),
(374, 63, 1, '2014-04-03 23:14:43', 'ENTRADA'),
(375, 17, 1, '2014-04-03 23:14:55', 'ENTRADA'),
(376, 450, 1, '2014-04-03 23:14:59', 'ENTRADA'),
(377, 21, 1, '2014-04-03 23:15:04', 'ENTRADA'),
(378, 891, 1, '2014-04-03 23:15:12', 'ENTRADA'),
(379, 895, 1, '2014-04-03 23:15:21', 'ENTRADA'),
(380, 762, 1, '2014-04-03 23:15:22', 'ENTRADA'),
(381, 914, 1, '2014-04-03 23:15:27', 'ENTRADA'),
(382, 780, 1, '2014-04-03 23:15:28', 'ENTRADA'),
(383, 365, 1, '2014-04-03 23:15:35', 'ENTRADA'),
(384, 387, 1, '2014-04-03 23:15:41', 'ENTRADA'),
(385, 764, 1, '2014-04-03 23:15:41', 'ENTRADA'),
(386, 525, 1, '2014-04-03 23:15:49', 'ENTRADA'),
(387, 771, 1, '2014-04-03 23:15:51', 'ENTRADA'),
(388, 528, 1, '2014-04-03 23:15:56', 'ENTRADA'),
(389, 759, 1, '2014-04-03 23:15:56', 'ENTRADA'),
(390, 376, 1, '2014-04-03 23:16:02', 'ENTRADA'),
(391, 43, 1, '2014-04-03 23:16:05', 'ENTRADA'),
(392, 381, 1, '2014-04-03 23:16:08', 'ENTRADA'),
(393, 60, 1, '2014-04-03 23:16:10', 'ENTRADA'),
(394, 911, 1, '2014-04-03 23:16:16', 'ENTRADA'),
(395, 386, 1, '2014-04-03 23:16:31', 'ENTRADA'),
(396, 378, 1, '2014-04-03 23:16:36', 'ENTRADA'),
(397, 962, 1, '2014-04-03 23:16:42', 'ENTRADA'),
(398, 0, 1, '2014-04-03 23:16:47', 'ENTRADA'),
(399, 900, 1, '2014-04-03 23:16:52', 'ENTRADA'),
(400, 909, 1, '2014-04-03 23:16:56', 'ENTRADA'),
(401, 905, 1, '2014-04-03 23:17:02', 'ENTRADA'),
(402, 767, 1, '2014-04-03 23:17:26', 'ENTRADA'),
(403, 889, 1, '2014-04-03 23:17:36', 'ENTRADA'),
(404, 765, 1, '2014-04-03 23:17:40', 'ENTRADA'),
(405, 238, 1, '2014-04-03 23:17:44', 'ENTRADA'),
(406, 906, 1, '2014-04-03 23:17:49', 'ENTRADA'),
(407, 464, 1, '2014-04-03 23:17:49', 'ENTRADA'),
(408, 924, 1, '2014-04-03 23:17:55', 'ENTRADA'),
(409, 247, 1, '2014-04-03 23:17:59', 'ENTRADA'),
(410, 382, 1, '2014-04-03 23:18:02', 'ENTRADA'),
(411, 234, 1, '2014-04-03 23:18:03', 'ENTRADA'),
(412, 239, 1, '2014-04-03 23:18:08', 'ENTRADA'),
(413, 908, 1, '2014-04-03 23:18:14', 'ENTRADA'),
(414, 893, 1, '2014-04-03 23:18:19', 'ENTRADA'),
(415, 890, 1, '2014-04-03 23:18:25', 'ENTRADA'),
(416, 256, 1, '2014-04-03 23:18:26', 'ENTRADA'),
(417, 127, 1, '2014-04-03 23:18:32', 'ENTRADA'),
(418, 126, 1, '2014-04-03 23:18:39', 'ENTRADA'),
(419, 197, 1, '2014-04-03 23:18:51', 'ENTRADA'),
(420, 183, 1, '2014-04-03 23:18:53', 'ENTRADA'),
(421, 142, 1, '2014-04-03 23:18:59', 'ENTRADA'),
(422, 523, 1, '2014-04-03 23:19:04', 'ENTRADA'),
(423, 232, 1, '2014-04-03 23:19:07', 'ENTRADA'),
(424, 550, 1, '2014-04-03 23:19:12', 'ENTRADA'),
(425, 241, 1, '2014-04-03 23:19:13', 'ENTRADA'),
(426, 526, 1, '2014-04-03 23:19:19', 'ENTRADA'),
(427, 245, 1, '2014-04-03 23:19:19', 'ENTRADA'),
(428, 432, 1, '2014-04-03 23:19:23', 'ENTRADA'),
(429, 542, 1, '2014-04-03 23:19:28', 'ENTRADA'),
(430, 305, 1, '2014-04-03 23:19:27', 'ENTRADA'),
(431, 531, 1, '2014-04-03 23:19:36', 'ENTRADA'),
(432, 144, 1, '2014-04-03 23:19:33', 'ENTRADA'),
(433, 145, 1, '2014-04-03 23:19:41', 'ENTRADA'),
(434, 220, 1, '2014-04-03 23:19:47', 'ENTRADA'),
(435, 139, 1, '2014-04-03 23:19:51', 'ENTRADA'),
(436, 564, 1, '2014-04-03 23:19:56', 'ENTRADA'),
(437, 421, 1, '2014-04-03 23:19:58', 'ENTRADA'),
(438, 422, 1, '2014-04-03 23:20:03', 'ENTRADA'),
(439, 185, 1, '2014-04-03 23:20:05', 'ENTRADA'),
(440, 204, 1, '2014-04-03 23:20:08', 'ENTRADA'),
(441, 434, 1, '2014-04-03 23:20:15', 'ENTRADA'),
(442, 194, 1, '2014-04-03 23:20:14', 'ENTRADA'),
(443, 189, 1, '2014-04-03 23:20:21', 'ENTRADA'),
(444, 427, 1, '2014-04-03 23:20:35', 'ENTRADA'),
(445, 431, 1, '2014-04-03 23:20:47', 'ENTRADA'),
(446, 192, 1, '2014-04-03 23:20:49', 'ENTRADA'),
(447, 787, 1, '2014-04-03 23:20:53', 'ENTRADA'),
(448, 203, 1, '2014-04-03 23:20:54', 'ENTRADA'),
(449, 242, 1, '2014-04-03 23:20:57', 'ENTRADA'),
(450, 412, 1, '2014-04-03 23:21:01', 'ENTRADA'),
(451, 254, 1, '2014-04-03 23:21:04', 'ENTRADA'),
(452, 233, 1, '2014-04-03 23:21:08', 'ENTRADA'),
(453, 237, 1, '2014-04-03 23:21:12', 'ENTRADA'),
(454, 244, 1, '2014-04-03 23:21:17', 'ENTRADA'),
(455, 246, 1, '2014-04-03 23:21:20', 'ENTRADA'),
(456, 406, 1, '2014-04-03 23:21:31', 'ENTRADA'),
(457, 420, 1, '2014-04-03 23:21:39', 'ENTRADA'),
(458, 424, 1, '2014-04-03 23:21:45', 'ENTRADA'),
(459, 417, 1, '2014-04-03 23:21:51', 'ENTRADA'),
(460, 255, 1, '2014-04-03 23:21:50', 'ENTRADA'),
(461, 235, 1, '2014-04-03 23:21:55', 'ENTRADA'),
(462, 419, 1, '2014-04-03 23:21:58', 'ENTRADA'),
(463, 253, 1, '2014-04-03 23:22:01', 'ENTRADA'),
(464, 414, 1, '2014-04-03 23:22:02', 'ENTRADA'),
(465, 433, 1, '2014-04-03 23:22:07', 'ENTRADA'),
(466, 251, 1, '2014-04-03 23:22:11', 'ENTRADA'),
(467, 186, 1, '2014-04-03 23:22:14', 'ENTRADA'),
(468, 240, 1, '2014-04-03 23:22:22', 'ENTRADA'),
(469, 250, 1, '2014-04-03 23:22:27', 'ENTRADA'),
(470, 763, 1, '2014-04-03 23:22:26', 'ENTRADA'),
(471, 757, 1, '2014-04-03 23:22:30', 'ENTRADA'),
(472, 252, 1, '2014-04-03 23:22:42', 'ENTRADA'),
(473, 624, 1, '2014-04-03 23:22:42', 'ENTRADA'),
(474, 493, 1, '2014-04-03 23:22:47', 'ENTRADA'),
(475, 735, 1, '2014-04-03 23:22:50', 'ENTRADA'),
(476, 776, 1, '2014-04-03 23:22:59', 'ENTRADA'),
(477, 442, 1, '2014-04-03 23:23:02', 'ENTRADA'),
(478, 749, 1, '2014-04-03 23:23:04', 'ENTRADA'),
(479, 728, 1, '2014-04-03 23:23:08', 'ENTRADA'),
(480, 75, 1, '2014-04-03 23:23:11', 'ENTRADA'),
(481, 451, 1, '2014-04-03 23:23:13', 'ENTRADA'),
(482, 625, 1, '2014-04-03 23:23:15', 'ENTRADA'),
(483, 454, 1, '2014-04-03 23:23:18', 'ENTRADA'),
(484, 11, 1, '2014-04-03 23:23:22', 'ENTRADA'),
(485, 447, 1, '2014-04-03 23:23:22', 'ENTRADA'),
(486, 836, 1, '2014-04-03 23:23:27', 'ENTRADA'),
(487, 612, 1, '2014-04-03 23:23:30', 'ENTRADA'),
(488, 504, 1, '2014-04-03 23:23:31', 'ENTRADA'),
(489, 635, 1, '2014-04-03 23:23:35', 'ENTRADA'),
(490, 872, 1, '2014-04-03 23:23:35', 'ENTRADA'),
(491, 494, 1, '2014-04-03 23:23:42', 'ENTRADA'),
(492, 608, 1, '2014-04-03 23:23:44', 'ENTRADA'),
(493, 474, 1, '2014-04-03 23:23:50', 'ENTRADA'),
(494, 626, 1, '2014-04-03 23:23:52', 'ENTRADA'),
(495, 715, 1, '2014-04-03 23:23:53', 'ENTRADA'),
(496, 610, 1, '2014-04-03 23:23:59', 'ENTRADA'),
(497, 470, 1, '2014-04-03 23:23:58', 'ENTRADA'),
(498, 721, 1, '2014-04-03 23:24:08', 'ENTRADA'),
(499, 468, 1, '2014-04-03 23:24:06', 'ENTRADA'),
(500, 632, 1, '2014-04-03 23:24:10', 'ENTRADA'),
(501, 482, 1, '2014-04-03 23:24:14', 'ENTRADA'),
(502, 603, 1, '2014-04-03 23:24:18', 'ENTRADA'),
(503, 603, 1, '2014-04-03 23:24:18', 'ENTRADA'),
(504, 437, 1, '2014-04-03 23:24:18', 'ENTRADA'),
(505, 466, 1, '2014-04-03 23:24:23', 'ENTRADA'),
(506, 934, 1, '2014-04-03 23:24:27', 'ENTRADA'),
(507, 925, 1, '2014-04-03 23:24:31', 'ENTRADA'),
(508, 916, 1, '2014-04-03 23:24:35', 'ENTRADA'),
(509, 921, 1, '2014-04-03 23:24:40', 'ENTRADA'),
(510, 737, 1, '2014-04-03 23:24:43', 'ENTRADA'),
(511, 928, 1, '2014-04-03 23:24:45', 'ENTRADA'),
(512, 20, 1, '2014-04-03 23:24:50', 'ENTRADA'),
(513, 923, 1, '2014-04-03 23:24:48', 'ENTRADA'),
(514, 404, 1, '2014-04-03 23:24:53', 'ENTRADA'),
(515, 740, 1, '2014-04-03 23:24:57', 'ENTRADA'),
(516, 615, 1, '2014-04-03 23:25:01', 'ENTRADA'),
(517, 743, 1, '2014-04-03 23:25:05', 'ENTRADA'),
(518, 601, 1, '2014-04-03 23:25:14', 'ENTRADA'),
(519, 724, 1, '2014-04-03 23:25:22', 'ENTRADA'),
(520, 600, 1, '2014-04-03 23:25:25', 'ENTRADA'),
(521, 633, 1, '2014-04-03 23:25:30', 'ENTRADA'),
(522, 637, 1, '2014-04-03 23:25:30', 'ENTRADA'),
(523, 399, 1, '2014-04-03 23:25:37', 'ENTRADA'),
(524, 530, 1, '2014-04-03 23:25:36', 'ENTRADA'),
(525, 619, 1, '2014-04-03 23:25:41', 'ENTRADA'),
(526, 605, 1, '2014-04-03 23:25:43', 'ENTRADA'),
(527, 629, 1, '2014-04-03 23:25:47', 'ENTRADA'),
(528, 511, 1, '2014-04-03 23:25:52', 'ENTRADA'),
(529, 834, 1, '2014-04-03 23:25:52', 'ENTRADA'),
(530, 815, 1, '2014-04-03 23:25:59', 'ENTRADA'),
(531, 500, 1, '2014-04-03 23:26:06', 'ENTRADA'),
(532, 824, 1, '2014-04-03 23:26:06', 'ENTRADA'),
(533, 618, 1, '2014-04-03 23:26:11', 'ENTRADA'),
(534, 829, 1, '2014-04-03 23:26:17', 'ENTRADA'),
(535, 838, 1, '2014-04-03 23:26:25', 'ENTRADA'),
(536, 825, 1, '2014-04-03 23:26:23', 'ENTRADA'),
(537, 383, 1, '2014-04-03 23:26:29', 'ENTRADA'),
(538, 814, 1, '2014-04-03 23:26:32', 'ENTRADA'),
(539, 33, 1, '2014-04-03 23:26:33', 'ENTRADA'),
(540, 831, 1, '2014-04-03 23:26:38', 'ENTRADA'),
(541, 388, 1, '2014-04-03 23:26:39', 'ENTRADA'),
(542, 368, 1, '2014-04-03 23:26:43', 'ENTRADA'),
(543, 837, 1, '2014-04-03 23:26:46', 'ENTRADA'),
(544, 374, 1, '2014-04-03 23:26:48', 'ENTRADA'),
(545, 647, 1, '2014-04-03 23:26:51', 'ENTRADA'),
(546, 377, 1, '2014-04-03 23:26:53', 'ENTRADA'),
(547, 205, 1, '2014-04-03 23:26:58', 'ENTRADA'),
(548, 293, 1, '2014-04-03 23:27:07', 'ENTRADA'),
(549, 294, 1, '2014-04-03 23:27:13', 'ENTRADA'),
(550, 917, 1, '2014-04-03 23:27:37', 'ENTRADA'),
(551, 878, 1, '2014-04-03 23:27:42', 'ENTRADA'),
(552, 869, 1, '2014-04-03 23:27:47', 'ENTRADA'),
(553, 884, 1, '2014-04-03 23:28:01', 'ENTRADA'),
(554, 885, 1, '2014-04-03 23:28:06', 'ENTRADA'),
(555, 961, 1, '2014-04-03 23:28:12', 'ENTRADA'),
(556, 887, 1, '2014-04-03 23:28:19', 'ENTRADA'),
(557, 871, 1, '2014-04-03 23:28:43', 'ENTRADA'),
(558, 881, 1, '2014-04-03 23:28:49', 'ENTRADA'),
(559, 79, 1, '2014-04-03 23:29:02', 'ENTRADA'),
(560, 870, 1, '2014-04-03 23:29:16', 'ENTRADA'),
(561, 886, 1, '2014-04-03 23:29:23', 'ENTRADA'),
(562, 876, 1, '2014-04-03 23:29:29', 'ENTRADA'),
(563, 875, 1, '2014-04-03 23:29:33', 'ENTRADA'),
(564, 628, 1, '2014-04-03 23:29:41', 'ENTRADA'),
(565, 879, 1, '2014-04-03 23:29:46', 'ENTRADA'),
(566, 880, 1, '2014-04-03 23:29:52', 'ENTRADA'),
(567, 602, 1, '2014-04-03 23:29:57', 'ENTRADA'),
(568, 638, 1, '2014-04-03 23:30:03', 'ENTRADA'),
(569, 636, 1, '2014-04-03 23:30:08', 'ENTRADA'),
(570, 640, 1, '2014-04-03 23:30:13', 'ENTRADA'),
(571, 826, 1, '2014-04-03 23:31:57', 'ENTRADA'),
(572, 418, 1, '2014-04-03 23:31:57', 'ENTRADA'),
(573, 816, 1, '2014-04-03 23:32:01', 'ENTRADA'),
(574, 839, 1, '2014-04-03 23:32:06', 'ENTRADA'),
(575, 822, 1, '2014-04-03 23:32:11', 'ENTRADA'),
(576, 496, 1, '2014-04-03 23:32:13', 'ENTRADA'),
(577, 939, 1, '2014-04-03 23:32:16', 'ENTRADA'),
(578, 840, 1, '2014-04-03 23:32:20', 'ENTRADA'),
(579, 947, 1, '2014-04-03 23:32:26', 'ENTRADA'),
(580, 812, 1, '2014-04-03 23:32:31', 'ENTRADA'),
(581, 955, 1, '2014-04-03 23:32:33', 'ENTRADA'),
(582, 36, 1, '2014-04-03 23:32:36', 'ENTRADA'),
(583, 196, 1, '2014-04-03 23:32:42', 'ENTRADA'),
(584, 58, 1, '2014-04-03 23:32:43', 'ENTRADA'),
(585, 200, 1, '2014-04-03 23:32:48', 'ENTRADA'),
(586, 795, 1, '2014-04-03 23:32:52', 'ENTRADA'),
(587, 193, 1, '2014-04-03 23:32:56', 'ENTRADA'),
(588, 444, 1, '2014-04-03 23:33:01', 'ENTRADA'),
(589, 452, 1, '2014-04-03 23:33:08', 'ENTRADA'),
(590, 443, 1, '2014-04-03 23:33:13', 'ENTRADA'),
(591, 946, 1, '2014-04-03 23:33:18', 'ENTRADA'),
(592, 15, 1, '2014-04-03 23:33:21', 'ENTRADA'),
(593, 30, 1, '2014-04-03 23:33:27', 'ENTRADA'),
(594, 818, 1, '2014-04-03 23:33:33', 'ENTRADA'),
(595, 9, 1, '2014-04-03 23:33:33', 'ENTRADA'),
(596, 28, 1, '2014-04-03 23:33:38', 'ENTRADA'),
(597, 930, 1, '2014-04-03 23:33:44', 'ENTRADA'),
(598, 201, 1, '2014-04-03 23:33:48', 'ENTRADA'),
(599, 898, 1, '2014-04-03 23:33:50', 'ENTRADA'),
(600, 49, 1, '2014-04-03 23:33:56', 'ENTRADA'),
(601, 206, 1, '2014-04-03 23:34:02', 'ENTRADA'),
(602, 67, 1, '2014-04-03 23:34:02', 'ENTRADA'),
(603, 52, 1, '2014-04-03 23:34:10', 'ENTRADA'),
(604, 190, 1, '2014-04-03 23:34:11', 'ENTRADA'),
(605, 38, 1, '2014-04-03 23:34:16', 'ENTRADA'),
(606, 191, 1, '2014-04-03 23:34:22', 'ENTRADA'),
(607, 336, 1, '2014-04-03 23:34:21', 'ENTRADA'),
(608, 102, 1, '2014-04-03 23:34:27', 'ENTRADA'),
(609, 717, 1, '2014-04-03 23:34:37', 'ENTRADA'),
(610, 948, 1, '2014-04-03 23:34:37', 'ENTRADA'),
(611, 55, 1, '2014-04-03 23:34:44', 'ENTRADA'),
(612, 725, 1, '2014-04-03 23:34:47', 'ENTRADA'),
(613, 56, 1, '2014-04-03 23:34:49', 'ENTRADA'),
(614, 59, 1, '2014-04-03 23:34:56', 'ENTRADA'),
(615, 391, 1, '2014-04-03 23:34:55', 'ENTRADA'),
(616, 426, 1, '2014-04-03 23:35:00', 'ENTRADA'),
(617, 658, 1, '2014-04-03 23:35:07', 'ENTRADA'),
(618, 533, 1, '2014-04-03 23:35:06', 'ENTRADA'),
(619, 671, 1, '2014-04-03 23:35:12', 'ENTRADA'),
(620, 899, 1, '2014-04-03 23:35:13', 'ENTRADA'),
(621, 644, 1, '2014-04-03 23:35:19', 'ENTRADA'),
(622, 919, 1, '2014-04-03 23:35:19', 'ENTRADA'),
(623, 668, 1, '2014-04-03 23:35:28', 'ENTRADA'),
(624, 395, 1, '2014-04-03 23:35:33', 'ENTRADA'),
(625, 897, 1, '2014-04-03 23:35:33', 'ENTRADA'),
(626, 902, 1, '2014-04-03 23:35:38', 'ENTRADA'),
(627, 659, 1, '2014-04-03 23:35:43', 'ENTRADA'),
(628, 904, 1, '2014-04-03 23:35:45', 'ENTRADA'),
(629, 385, 1, '2014-04-03 23:35:50', 'ENTRADA'),
(630, 683, 1, '2014-04-03 23:35:57', 'ENTRADA'),
(631, 696, 1, '2014-04-03 23:36:04', 'ENTRADA'),
(632, 641, 1, '2014-04-03 23:36:12', 'ENTRADA'),
(633, 781, 1, '2014-04-03 23:36:16', 'ENTRADA'),
(634, 685, 1, '2014-04-03 23:36:21', 'ENTRADA'),
(635, 742, 1, '2014-04-03 23:36:29', 'ENTRADA'),
(636, 753, 1, '2014-04-03 23:36:31', 'ENTRADA'),
(637, 188, 1, '2014-04-03 23:38:21', 'ENTRADA'),
(638, 57, 1, '2014-04-03 23:38:40', 'ENTRADA'),
(639, 751, 1, '2014-04-03 23:38:54', 'ENTRADA'),
(640, 752, 1, '2014-04-03 23:39:06', 'ENTRADA'),
(641, 758, 1, '2014-04-03 23:39:18', 'ENTRADA'),
(642, 777, 1, '2014-04-03 23:39:29', 'ENTRADA'),
(643, 750, 1, '2014-04-03 23:39:41', 'ENTRADA'),
(644, 760, 1, '2014-04-03 23:39:54', 'ENTRADA'),
(645, 512, 1, '2014-04-03 23:40:06', 'ENTRADA'),
(646, 289, 1, '2014-04-03 23:40:19', 'ENTRADA'),
(647, 950, 1, '2014-04-03 23:40:31', 'ENTRADA'),
(648, 774, 1, '2014-04-03 23:40:41', 'ENTRADA'),
(649, 479, 1, '2014-04-03 23:41:22', 'ENTRADA'),
(650, 40, 1, '2014-04-03 23:41:32', 'ENTRADA'),
(651, 882, 1, '2014-04-03 23:41:58', 'ENTRADA'),
(652, 117, 1, '2014-04-03 23:42:09', 'ENTRADA'),
(653, 656, 1, '2014-04-03 23:43:21', 'ENTRADA'),
(654, 295, 1, '2014-04-03 23:43:35', 'ENTRADA'),
(655, 259, 1, '2014-04-03 23:43:57', 'ENTRADA'),
(656, 371, 1, '2014-04-03 23:44:34', 'ENTRADA'),
(657, 643, 2, '2014-04-24 13:00:11', 'ENTRADA'),
(658, 649, 2, '2014-04-24 13:00:17', 'ENTRADA'),
(659, 651, 2, '2014-04-24 13:00:22', 'ENTRADA'),
(660, 668, 2, '2014-04-24 13:00:25', 'ENTRADA'),
(661, 678, 2, '2014-04-24 13:03:00', 'ENTRADA'),
(662, 694, 2, '2014-04-24 13:03:06', 'ENTRADA'),
(663, 702, 2, '2014-04-24 13:03:16', 'ENTRADA'),
(664, 90, 2, '2014-04-24 13:03:20', 'ENTRADA'),
(665, 70, 2, '2014-04-24 13:03:23', 'ENTRADA'),
(666, 685, 2, '2014-04-24 13:03:29', 'ENTRADA'),
(667, 705, 2, '2014-04-24 13:03:34', 'ENTRADA'),
(668, 704, 2, '2014-04-24 13:03:39', 'ENTRADA'),
(669, 708, 2, '2014-04-24 13:03:45', 'ENTRADA'),
(670, 700, 2, '2014-04-24 13:03:50', 'ENTRADA'),
(671, 687, 2, '2014-04-24 13:03:53', 'ENTRADA'),
(672, 684, 2, '2014-04-24 13:04:00', 'ENTRADA'),
(673, 214, 2, '2014-04-24 13:04:46', 'ENTRADA'),
(674, 696, 2, '2014-04-24 13:04:53', 'ENTRADA'),
(675, 958, 2, '2014-04-24 13:04:58', 'ENTRADA'),
(676, 952, 2, '2014-04-24 13:05:06', 'ENTRADA'),
(677, 662, 2, '2014-04-18 00:15:28', 'ENTRADA'),
(678, 670, 2, '2014-04-18 00:15:34', 'ENTRADA'),
(679, 677, 2, '2014-04-24 13:05:21', 'ENTRADA'),
(680, 608, 2, '2014-04-18 00:15:59', 'ENTRADA'),
(681, 613, 2, '2014-04-24 13:05:51', 'ENTRADA'),
(682, 95, 2, '2014-04-24 13:07:01', 'ENTRADA'),
(683, 633, 2, '2014-04-18 00:17:22', 'ENTRADA'),
(684, 706, 2, '2014-04-24 13:07:31', 'ENTRADA'),
(685, 709, 2, '2014-04-24 13:07:38', 'ENTRADA'),
(686, 645, 2, '2014-04-24 13:07:41', 'ENTRADA'),
(687, 628, 2, '2014-04-24 13:07:56', 'ENTRADA'),
(688, 616, 2, '2014-04-24 13:07:58', 'ENTRADA'),
(689, 606, 2, '2014-04-24 13:08:00', 'ENTRADA'),
(690, 711, 2, '2014-04-24 13:08:32', 'ENTRADA'),
(691, 697, 2, '2014-04-18 00:18:59', 'ENTRADA'),
(692, 673, 2, '2014-04-18 00:19:01', 'ENTRADA'),
(693, 652, 2, '2014-04-18 00:19:04', 'ENTRADA'),
(694, 615, 2, '2014-04-24 13:09:17', 'ENTRADA'),
(695, 679, 2, '2014-04-24 13:09:22', 'ENTRADA'),
(696, 699, 2, '2014-04-24 13:09:25', 'ENTRADA'),
(697, 610, 2, '2014-04-24 13:09:28', 'ENTRADA'),
(698, 663, 2, '2014-04-18 00:20:15', 'ENTRADA'),
(699, 110, 2, '2014-04-24 13:10:34', 'ENTRADA'),
(700, 94, 2, '2014-04-24 13:11:01', 'ENTRADA'),
(701, 957, 2, '2014-04-24 13:11:42', 'ENTRADA'),
(702, 641, 2, '2014-04-24 13:13:13', 'ENTRADA'),
(703, 646, 2, '2014-04-24 13:13:37', 'ENTRADA'),
(704, 97, 2, '2014-04-24 13:14:16', 'ENTRADA'),
(705, 964, 2, '2014-04-24 13:14:20', 'ENTRADA'),
(706, 953, 2, '2014-04-24 13:14:24', 'ENTRADA'),
(707, 683, 2, '2014-04-24 13:14:44', 'ENTRADA'),
(708, 23, 2, '2014-04-24 13:15:14', 'ENTRADA'),
(709, 701, 2, '2014-04-24 13:15:42', 'ENTRADA'),
(710, 947, 2, '2014-04-24 13:15:50', 'ENTRADA'),
(711, 28, 2, '2014-04-24 13:15:54', 'ENTRADA'),
(712, 73, 2, '2014-04-18 00:26:12', 'ENTRADA'),
(713, 30, 2, '2014-04-24 13:15:57', 'ENTRADA'),
(714, 630, 2, '2014-04-24 13:17:07', 'ENTRADA'),
(715, 666, 2, '2014-04-24 13:17:34', 'ENTRADA'),
(716, 658, 2, '2014-04-24 13:17:36', 'ENTRADA'),
(717, 635, 2, '2014-04-24 13:17:39', 'ENTRADA'),
(718, 710, 2, '2014-04-24 13:17:57', 'ENTRADA'),
(719, 89, 2, '2014-04-24 13:18:25', 'ENTRADA'),
(720, 943, 2, '2014-04-24 13:18:28', 'ENTRADA'),
(721, 942, 2, '2014-04-24 13:18:56', 'ENTRADA'),
(722, 864, 2, '2014-04-24 13:19:13', 'ENTRADA'),
(723, 856, 2, '2014-04-24 13:19:17', 'ENTRADA'),
(724, 674, 2, '2014-04-24 13:19:27', 'ENTRADA'),
(725, 648, 2, '2014-04-24 13:19:30', 'ENTRADA'),
(726, 25, 2, '2014-04-24 13:19:45', 'ENTRADA'),
(727, 325, 2, '2014-04-24 13:19:48', 'ENTRADA'),
(728, 542, 2, '2014-04-24 13:20:09', 'ENTRADA'),
(729, 531, 2, '2014-04-24 13:20:18', 'ENTRADA'),
(730, 538, 2, '2014-04-24 13:20:24', 'ENTRADA'),
(731, 949, 2, '2014-04-24 13:21:42', 'ENTRADA'),
(732, 629, 2, '2014-04-24 13:22:45', 'ENTRADA'),
(733, 609, 2, '2014-04-24 13:22:47', 'ENTRADA'),
(734, 605, 2, '2014-04-24 13:22:49', 'ENTRADA'),
(735, 640, 2, '2014-04-24 13:22:51', 'ENTRADA'),
(736, 82, 2, '2014-04-24 13:23:27', 'ENTRADA'),
(737, 81, 2, '2014-04-24 13:23:34', 'ENTRADA'),
(738, 254, 2, '2014-04-24 13:24:23', 'ENTRADA'),
(739, 251, 2, '2014-04-24 13:25:28', 'ENTRADA'),
(740, 642, 2, '2014-04-24 13:25:38', 'ENTRADA'),
(741, 244, 2, '2014-04-24 13:25:48', 'ENTRADA'),
(742, 362, 2, '2014-04-24 13:25:57', 'ENTRADA'),
(743, 74, 2, '2014-04-24 13:26:03', 'ENTRADA'),
(744, 627, 2, '2014-04-24 13:26:11', 'ENTRADA'),
(745, 938, 2, '2014-04-24 13:26:26', 'ENTRADA'),
(746, 618, 2, '2014-04-24 13:26:31', 'ENTRADA'),
(747, 656, 2, '2014-04-24 13:27:05', 'ENTRADA'),
(748, 361, 2, '2014-04-24 13:27:07', 'ENTRADA'),
(749, 671, 2, '2014-04-24 13:27:11', 'ENTRADA'),
(750, 672, 2, '2014-04-24 13:27:14', 'ENTRADA'),
(751, 357, 2, '2014-04-24 13:27:28', 'ENTRADA'),
(752, 312, 2, '2014-04-24 13:29:00', 'ENTRADA'),
(753, 295, 2, '2014-04-24 13:29:03', 'ENTRADA'),
(754, 661, 2, '2014-04-24 13:29:08', 'ENTRADA'),
(755, 631, 2, '2014-04-24 13:29:36', 'ENTRADA'),
(756, 622, 2, '2014-04-24 13:29:42', 'ENTRADA'),
(757, 229, 2, '2014-04-24 13:29:48', 'ENTRADA'),
(758, 85, 2, '2014-04-24 13:29:51', 'ENTRADA'),
(759, 457, 2, '2014-04-24 13:29:55', 'ENTRADA'),
(760, 946, 2, '2014-04-24 13:30:03', 'ENTRADA'),
(761, 939, 2, '2014-04-24 13:30:06', 'ENTRADA'),
(762, 941, 2, '2014-04-24 13:30:09', 'ENTRADA'),
(763, 826, 2, '2014-04-24 13:30:36', 'ENTRADA'),
(764, 691, 2, '2014-04-24 13:30:41', 'ENTRADA'),
(765, 245, 2, '2014-04-24 13:31:19', 'ENTRADA'),
(766, 241, 2, '2014-04-24 13:31:23', 'ENTRADA'),
(767, 252, 2, '2014-04-24 13:31:56', 'ENTRADA'),
(768, 689, 2, '2014-04-24 13:32:00', 'ENTRADA'),
(769, 669, 2, '2014-04-24 13:32:44', 'ENTRADA'),
(770, 272, 2, '2014-04-24 13:32:50', 'ENTRADA'),
(771, 64, 2, '2014-04-24 13:32:49', 'ENTRADA'),
(772, 280, 2, '2014-04-24 13:32:52', 'ENTRADA'),
(773, 39, 2, '2014-04-24 13:32:53', 'ENTRADA'),
(774, 448, 2, '2014-04-24 13:32:56', 'ENTRADA'),
(775, 50, 2, '2014-04-24 13:32:59', 'ENTRADA'),
(776, 263, 2, '2014-04-24 13:33:01', 'ENTRADA'),
(777, 282, 2, '2014-04-24 13:33:03', 'ENTRADA'),
(778, 459, 2, '2014-04-24 13:33:06', 'ENTRADA'),
(779, 617, 2, '2014-04-17 13:33:11', 'ENTRADA'),
(780, 626, 2, '2014-04-17 13:33:15', 'ENTRADA'),
(781, 271, 2, '2014-04-24 13:33:12', 'ENTRADA'),
(782, 607, 2, '2014-04-24 13:33:10', 'ENTRADA'),
(783, 224, 2, '2014-04-17 13:33:22', 'ENTRADA'),
(784, 738, 2, '2014-04-17 13:33:27', 'ENTRADA'),
(785, 45, 2, '2014-04-24 13:33:27', 'ENTRADA'),
(786, 46, 2, '2014-04-24 13:33:31', 'ENTRADA'),
(787, 57, 2, '2014-04-24 13:33:34', 'ENTRADA'),
(788, 51, 2, '2014-04-17 13:33:41', 'ENTRADA'),
(789, 417, 2, '2014-04-17 13:33:50', 'ENTRADA'),
(790, 940, 2, '2014-04-17 13:33:51', 'ENTRADA'),
(791, 777, 2, '2014-04-17 13:33:56', 'ENTRADA'),
(792, 494, 2, '2014-04-24 13:33:54', 'ENTRADA'),
(793, 106, 2, '2014-04-17 13:34:12', 'ENTRADA'),
(794, 321, 2, '2014-04-24 13:34:10', 'ENTRADA'),
(795, 128, 2, '2014-04-17 13:34:18', 'ENTRADA'),
(796, 42, 2, '2014-04-17 13:34:27', 'ENTRADA'),
(797, 578, 2, '2014-04-24 13:34:23', 'ENTRADA'),
(798, 44, 2, '2014-04-17 13:34:30', 'ENTRADA'),
(799, 562, 2, '2014-04-24 13:34:27', 'ENTRADA'),
(800, 63, 2, '2014-04-17 13:34:34', 'ENTRADA'),
(801, 565, 2, '2014-04-24 13:34:31', 'ENTRADA'),
(802, 614, 2, '2014-04-17 13:34:45', 'ENTRADA'),
(803, 38, 2, '2014-04-17 13:34:47', 'ENTRADA'),
(804, 47, 2, '2014-04-24 13:34:46', 'ENTRADA'),
(805, 639, 2, '2014-04-17 13:34:52', 'ENTRADA'),
(806, 456, 2, '2014-04-24 13:34:53', 'ENTRADA'),
(807, 49, 2, '2014-04-17 13:34:59', 'ENTRADA'),
(808, 451, 2, '2014-04-24 13:34:56', 'ENTRADA'),
(809, 442, 2, '2014-04-24 13:35:13', 'ENTRADA'),
(810, 951, 2, '2014-04-17 13:35:18', 'ENTRADA'),
(811, 92, 2, '2014-04-24 13:35:18', 'ENTRADA'),
(812, 930, 2, '2014-04-17 13:35:27', 'ENTRADA'),
(813, 926, 2, '2014-04-17 13:35:30', 'ENTRADA'),
(814, 262, 2, '2014-04-24 13:35:35', 'ENTRADA'),
(815, 644, 2, '2014-04-17 13:35:41', 'ENTRADA'),
(816, 208, 2, '2014-04-17 13:35:53', 'ENTRADA'),
(817, 936, 2, '2014-04-17 13:36:04', 'ENTRADA'),
(818, 225, 2, '2014-04-24 13:36:31', 'ENTRADA'),
(819, 114, 2, '2014-04-24 13:36:36', 'ENTRADA'),
(820, 101, 2, '2014-04-24 13:36:39', 'ENTRADA'),
(821, 278, 2, '2014-04-24 13:37:07', 'ENTRADA'),
(822, 196, 2, '2014-04-24 13:37:07', 'ENTRADA'),
(823, 264, 2, '2014-04-24 13:37:11', 'ENTRADA'),
(824, 171, 2, '2014-04-24 13:37:15', 'ENTRADA'),
(825, 136, 2, '2014-04-24 13:37:23', 'ENTRADA'),
(826, 675, 2, '2014-04-24 13:37:25', 'ENTRADA'),
(827, 182, 2, '2014-04-24 13:37:27', 'ENTRADA'),
(828, 48, 2, '2014-04-24 13:37:30', 'ENTRADA'),
(829, 508, 2, '2014-04-24 13:37:33', 'ENTRADA'),
(830, 464, 2, '2014-04-24 13:37:33', 'ENTRADA'),
(831, 59, 2, '2014-04-24 13:37:47', 'ENTRADA'),
(832, 52, 2, '2014-04-24 13:37:48', 'ENTRADA'),
(833, 17, 2, '2014-04-17 13:37:54', 'ENTRADA'),
(834, 7, 2, '2014-04-17 13:38:00', 'ENTRADA'),
(835, 6, 2, '2014-04-17 13:38:05', 'ENTRADA'),
(836, 9, 2, '2014-04-17 13:38:12', 'ENTRADA'),
(837, 185, 2, '2014-04-24 13:38:23', 'ENTRADA'),
(838, 212, 2, '2014-04-17 13:38:27', 'ENTRADA'),
(839, 31, 2, '2014-04-24 13:38:24', 'ENTRADA'),
(840, 16, 2, '2014-04-24 13:38:30', 'ENTRADA'),
(841, 29, 2, '2014-04-24 13:38:35', 'ENTRADA'),
(842, 22, 2, '2014-04-24 13:38:38', 'ENTRADA'),
(843, 35, 2, '2014-04-24 13:38:43', 'ENTRADA'),
(844, 14, 2, '2014-04-24 13:38:47', 'ENTRADA'),
(845, 8, 2, '2014-04-24 13:38:52', 'ENTRADA'),
(846, 18, 2, '2014-04-24 13:38:51', 'ENTRADA'),
(847, 122, 2, '2014-04-24 13:38:56', 'ENTRADA'),
(848, 112, 2, '2014-04-24 13:38:59', 'ENTRADA'),
(849, 223, 2, '2014-04-24 13:39:07', 'ENTRADA'),
(850, 472, 2, '2014-04-24 13:39:10', 'ENTRADA'),
(851, 469, 2, '2014-04-24 13:39:16', 'ENTRADA'),
(852, 485, 2, '2014-04-24 13:39:20', 'ENTRADA'),
(853, 486, 2, '2014-04-24 13:39:27', 'ENTRADA'),
(854, 835, 2, '2014-04-24 13:39:33', 'ENTRADA'),
(855, 88, 2, '2014-04-24 13:40:15', 'ENTRADA'),
(856, 570, 2, '2014-04-24 13:40:18', 'ENTRADA'),
(857, 460, 2, '2014-04-24 13:40:25', 'ENTRADA'),
(858, 760, 2, '2014-04-17 13:40:38', 'ENTRADA'),
(859, 758, 2, '2014-04-17 13:40:40', 'ENTRADA'),
(860, 458, 2, '2014-04-24 13:40:43', 'ENTRADA'),
(861, 439, 2, '2014-04-24 13:40:48', 'ENTRADA'),
(862, 259, 2, '2014-04-24 13:40:52', 'ENTRADA'),
(863, 462, 2, '2014-04-24 13:40:58', 'ENTRADA'),
(864, 173, 2, '2014-04-17 13:41:05', 'ENTRADA'),
(865, 803, 2, '2014-04-24 13:41:12', 'ENTRADA'),
(866, 801, 2, '2014-04-24 13:41:14', 'ENTRADA'),
(867, 274, 2, '2014-04-24 13:41:18', 'ENTRADA'),
(868, 269, 2, '2014-04-24 13:41:24', 'ENTRADA'),
(869, 275, 2, '2014-04-24 13:41:26', 'ENTRADA'),
(870, 896, 2, '2014-04-24 13:41:44', 'ENTRADA'),
(871, 788, 2, '2014-04-24 13:41:46', 'ENTRADA'),
(872, 793, 2, '2014-04-24 13:41:52', 'ENTRADA'),
(873, 10, 2, '2014-04-24 13:41:56', 'ENTRADA'),
(874, 431, 2, '2014-04-24 13:42:08', 'ENTRADA'),
(875, 421, 2, '2014-04-24 13:42:12', 'ENTRADA'),
(876, 514, 2, '2014-04-24 13:42:17', 'ENTRADA'),
(877, 780, 2, '2014-04-24 13:42:19', 'ENTRADA'),
(878, 759, 2, '2014-04-24 13:42:28', 'ENTRADA'),
(879, 537, 2, '2014-04-24 13:42:35', 'ENTRADA'),
(880, 149, 2, '2014-04-24 13:42:38', 'ENTRADA'),
(881, 497, 2, '2014-04-24 13:42:44', 'ENTRADA'),
(882, 500, 2, '2014-04-24 13:42:47', 'ENTRADA'),
(883, 927, 2, '2014-04-24 13:42:55', 'ENTRADA'),
(884, 921, 2, '2014-04-24 13:42:57', 'ENTRADA'),
(885, 934, 2, '2014-04-24 13:43:04', 'ENTRADA'),
(886, 138, 2, '2014-04-24 13:43:36', 'ENTRADA'),
(887, 147, 2, '2014-04-24 13:43:47', 'ENTRADA'),
(888, 13, 2, '2014-04-17 13:43:59', 'ENTRADA'),
(889, 26, 2, '2014-04-17 13:44:02', 'ENTRADA'),
(890, 302, 2, '2014-04-24 13:44:20', 'ENTRADA'),
(891, 872, 2, '2014-04-24 13:44:27', 'ENTRADA'),
(892, 870, 2, '2014-04-24 13:44:29', 'ENTRADA'),
(893, 850, 2, '2014-04-17 13:44:47', 'ENTRADA'),
(894, 846, 2, '2014-04-17 13:44:53', 'ENTRADA'),
(895, 560, 2, '2014-04-24 13:44:54', 'ENTRADA'),
(896, 750, 2, '2014-04-24 13:45:21', 'ENTRADA'),
(897, 11, 2, '2014-04-24 13:45:46', 'ENTRADA'),
(898, 923, 2, '2014-04-24 13:45:52', 'ENTRADA'),
(899, 478, 2, '2014-04-24 13:45:57', 'ENTRADA'),
(900, 222, 2, '2014-04-24 13:46:00', 'ENTRADA'),
(901, 493, 2, '2014-04-24 13:46:03', 'ENTRADA'),
(902, 296, 2, '2014-04-24 13:46:08', 'ENTRADA'),
(903, 159, 2, '2014-04-24 13:46:13', 'ENTRADA'),
(904, 163, 2, '2014-04-24 13:46:19', 'ENTRADA'),
(905, 146, 2, '2014-04-24 13:46:19', 'ENTRADA'),
(906, 924, 2, '2014-04-17 13:46:26', 'ENTRADA'),
(907, 153, 2, '2014-04-24 13:46:22', 'ENTRADA'),
(908, 919, 2, '2014-04-24 13:46:22', 'ENTRADA'),
(909, 107, 2, '2014-04-24 13:46:31', 'ENTRADA'),
(910, 118, 2, '2014-04-24 13:46:33', 'ENTRADA'),
(911, 802, 2, '2014-04-24 13:46:48', 'ENTRADA'),
(912, 806, 2, '2014-04-17 13:46:56', 'ENTRADA'),
(913, 12, 2, '2014-04-24 13:47:37', 'ENTRADA'),
(914, 215, 2, '2014-04-24 13:47:46', 'ENTRADA'),
(915, 285, 2, '2014-04-24 13:47:53', 'ENTRADA'),
(916, 72, 2, '2014-04-24 13:47:55', 'ENTRADA'),
(917, 843, 2, '2014-04-24 13:48:02', 'ENTRADA'),
(918, 917, 2, '2014-04-24 13:48:07', 'ENTRADA'),
(919, 303, 2, '2014-04-24 13:48:30', 'ENTRADA'),
(920, 827, 2, '2014-04-24 13:48:36', 'ENTRADA'),
(921, 819, 2, '2014-04-24 13:48:41', 'ENTRADA'),
(922, 130, 2, '2014-04-24 13:48:52', 'ENTRADA'),
(923, 543, 2, '2014-04-24 13:49:08', 'ENTRADA'),
(924, 582, 2, '2014-04-24 13:49:15', 'ENTRADA'),
(925, 763, 2, '2014-04-24 13:49:20', 'ENTRADA'),
(926, 757, 2, '2014-04-24 13:49:20', 'ENTRADA'),
(927, 657, 2, '2014-04-24 13:49:34', 'ENTRADA'),
(928, 786, 2, '2014-04-24 13:49:34', 'ENTRADA'),
(929, 109, 2, '2014-04-24 13:49:39', 'ENTRADA'),
(930, 449, 2, '2014-04-24 13:49:57', 'ENTRADA'),
(931, 820, 2, '2014-04-24 13:50:03', 'ENTRADA'),
(932, 575, 2, '2014-04-24 13:50:08', 'ENTRADA'),
(933, 201, 2, '2014-04-24 13:50:24', 'ENTRADA'),
(934, 836, 2, '2014-04-24 13:50:32', 'ENTRADA'),
(935, 660, 2, '2014-04-24 13:50:34', 'ENTRADA'),
(936, 1, 2, '2014-04-24 13:50:40', 'ENTRADA'),
(937, 774, 2, '2014-04-24 13:50:43', 'ENTRADA'),
(938, 876, 2, '2014-04-24 13:50:50', 'ENTRADA'),
(939, 533, 2, '2014-04-24 13:51:01', 'ENTRADA'),
(940, 333, 2, '2014-04-24 13:51:01', 'ENTRADA'),
(941, 753, 2, '2014-04-24 13:51:18', 'ENTRADA'),
(942, 68, 2, '2014-04-24 13:51:29', 'ENTRADA'),
(943, 91, 2, '2014-04-24 13:51:49', 'ENTRADA'),
(944, 62, 2, '2014-04-24 13:51:51', 'ENTRADA'),
(945, 168, 2, '2014-04-24 13:51:55', 'ENTRADA'),
(946, 353, 2, '2014-04-24 13:52:13', 'ENTRADA'),
(947, 961, 2, '2014-04-24 13:52:29', 'ENTRADA'),
(948, 768, 2, '2014-04-24 13:52:30', 'ENTRADA'),
(949, 765, 2, '2014-04-24 13:52:38', 'ENTRADA'),
(950, 583, 2, '2014-04-24 13:52:42', 'ENTRADA'),
(951, 574, 2, '2014-04-24 13:52:43', 'ENTRADA'),
(952, 580, 2, '2014-04-24 13:52:47', 'ENTRADA'),
(953, 37, 2, '2014-04-24 13:53:09', 'ENTRADA'),
(954, 517, 2, '2014-04-24 13:53:32', 'ENTRADA'),
(955, 781, 2, '2014-04-24 13:53:55', 'ENTRADA'),
(956, 860, 2, '2014-04-24 13:54:16', 'ENTRADA'),
(957, 851, 2, '2014-04-24 13:54:16', 'ENTRADA'),
(958, 841, 2, '2014-04-24 13:54:23', 'ENTRADA'),
(959, 158, 2, '2014-04-24 13:54:34', 'ENTRADA'),
(960, 612, 2, '2014-04-24 13:54:40', 'ENTRADA'),
(961, 782, 2, '2014-04-24 13:54:55', 'ENTRADA'),
(962, 207, 2, '2014-04-24 13:55:03', 'ENTRADA'),
(963, 812, 2, '2014-04-24 13:55:07', 'ENTRADA'),
(964, 879, 2, '2014-04-24 13:55:09', 'ENTRADA'),
(965, 833, 2, '2014-04-24 13:55:22', 'ENTRADA'),
(966, 75, 2, '2014-04-24 13:56:20', 'ENTRADA'),
(967, 77, 2, '2014-04-24 13:56:40', 'ENTRADA'),
(968, 314, 2, '2014-04-24 13:56:49', 'ENTRADA'),
(969, 504, 2, '2014-04-24 13:57:15', 'ENTRADA'),
(970, 929, 2, '2014-04-24 13:57:22', 'ENTRADA'),
(971, 886, 2, '2014-04-24 13:57:34', 'ENTRADA'),
(972, 412, 2, '2014-04-24 13:57:43', 'ENTRADA'),
(973, 76, 2, '2014-04-24 13:57:54', 'ENTRADA'),
(974, 465, 2, '2014-04-24 13:57:58', 'ENTRADA'),
(975, 307, 2, '2014-04-24 13:58:14', 'ENTRADA'),
(976, 916, 2, '2014-04-24 13:58:14', 'ENTRADA'),
(977, 882, 2, '2014-04-24 13:58:18', 'ENTRADA'),
(978, 316, 2, '2014-04-24 13:58:21', 'ENTRADA'),
(979, 778, 2, '2014-04-24 13:58:22', 'ENTRADA'),
(980, 585, 2, '2014-04-24 13:58:25', 'ENTRADA'),
(981, 623, 2, '2014-04-24 13:58:30', 'ENTRADA'),
(982, 221, 2, '2014-04-24 13:58:34', 'ENTRADA'),
(983, 818, 2, '2014-04-24 13:58:34', 'ENTRADA'),
(984, 790, 2, '2014-04-24 13:58:38', 'ENTRADA'),
(985, 318, 2, '2014-04-24 13:58:43', 'ENTRADA'),
(986, 433, 2, '2014-04-24 13:58:47', 'ENTRADA'),
(987, 813, 2, '2014-04-24 13:58:50', 'ENTRADA'),
(988, 151, 2, '2014-04-24 13:58:59', 'ENTRADA'),
(989, 771, 2, '2014-04-24 13:59:03', 'ENTRADA'),
(990, 832, 2, '2014-04-24 13:59:13', 'ENTRADA'),
(991, 310, 2, '2014-04-24 13:59:17', 'ENTRADA'),
(992, 637, 2, '2014-04-24 13:59:25', 'ENTRADA'),
(993, 913, 2, '2014-04-24 13:59:28', 'ENTRADA'),
(994, 450, 2, '2014-04-24 13:59:32', 'ENTRADA'),
(995, 266, 2, '2014-04-24 13:59:40', 'ENTRADA'),
(996, 284, 2, '2014-04-24 13:59:44', 'ENTRADA'),
(997, 268, 2, '2014-04-24 13:59:47', 'ENTRADA'),
(998, 839, 2, '2014-04-24 13:59:46', 'ENTRADA'),
(999, 281, 2, '2014-04-24 13:59:51', 'ENTRADA'),
(1000, 287, 2, '2014-04-24 13:59:57', 'ENTRADA'),
(1001, 160, 2, '2014-04-24 14:00:00', 'ENTRADA'),
(1002, 473, 2, '2014-04-24 14:00:14', 'ENTRADA'),
(1003, 476, 2, '2014-04-24 14:00:19', 'ENTRADA'),
(1004, 283, 2, '2014-04-24 14:00:17', 'ENTRADA'),
(1005, 67, 2, '2014-04-24 14:00:21', 'ENTRADA'),
(1006, 821, 2, '2014-04-24 14:00:34', 'ENTRADA'),
(1007, 547, 2, '2014-04-24 14:01:12', 'ENTRADA'),
(1008, 963, 2, '2014-04-24 14:01:11', 'ENTRADA'),
(1009, 620, 2, '2014-04-17 14:01:18', 'ENTRADA'),
(1010, 541, 2, '2014-04-24 14:01:14', 'ENTRADA'),
(1011, 937, 2, '2014-04-24 14:01:14', 'ENTRADA'),
(1012, 650, 2, '2014-04-24 14:01:28', 'ENTRADA'),
(1013, 526, 2, '2014-04-24 14:01:32', 'ENTRADA'),
(1014, 647, 2, '2014-04-24 14:01:34', 'ENTRADA'),
(1015, 857, 2, '2014-04-24 14:01:37', 'ENTRADA'),
(1016, 695, 2, '2014-04-17 14:01:48', 'ENTRADA'),
(1017, 416, 2, '2014-04-24 14:01:44', 'ENTRADA'),
(1018, 411, 2, '2014-04-24 14:01:48', 'ENTRADA'),
(1019, 519, 2, '2014-04-24 14:01:51', 'ENTRADA'),
(1020, 962, 2, '2014-04-24 14:01:50', 'ENTRADA'),
(1021, 764, 2, '2014-04-17 14:01:59', 'ENTRADA'),
(1022, 544, 2, '2014-04-24 14:01:55', 'ENTRADA'),
(1023, 466, 2, '2014-04-24 14:01:57', 'ENTRADA'),
(1024, 255, 2, '2014-04-17 14:02:04', 'ENTRADA'),
(1025, 344, 2, '2014-04-24 14:02:00', 'ENTRADA'),
(1026, 243, 2, '2014-04-17 14:02:07', 'ENTRADA'),
(1027, 352, 2, '2014-04-24 14:02:04', 'ENTRADA'),
(1028, 346, 2, '2014-04-24 14:02:08', 'ENTRADA'),
(1029, 256, 2, '2014-04-24 14:02:09', 'ENTRADA'),
(1030, 452, 2, '2014-04-24 14:02:11', 'ENTRADA'),
(1031, 762, 2, '2014-04-17 14:02:17', 'ENTRADA'),
(1032, 858, 2, '2014-04-17 14:02:23', 'ENTRADA'),
(1033, 862, 2, '2014-04-24 14:02:22', 'ENTRADA'),
(1034, 828, 2, '2014-04-17 14:02:30', 'ENTRADA'),
(1035, 853, 2, '2014-04-24 14:02:27', 'ENTRADA'),
(1036, 170, 2, '2014-04-24 14:02:28', 'ENTRADA'),
(1037, 855, 2, '2014-04-24 14:02:30', 'ENTRADA'),
(1038, 822, 2, '2014-04-17 14:02:37', 'ENTRADA'),
(1039, 866, 2, '2014-04-24 14:02:33', 'ENTRADA'),
(1040, 480, 2, '2014-04-24 14:02:37', 'ENTRADA'),
(1041, 837, 2, '2014-04-17 14:02:41', 'ENTRADA'),
(1042, 340, 2, '2014-04-17 14:02:45', 'ENTRADA'),
(1043, 311, 2, '2014-04-24 14:02:48', 'ENTRADA'),
(1044, 707, 2, '2014-04-17 14:02:57', 'ENTRADA'),
(1045, 300, 2, '2014-04-24 14:02:54', 'ENTRADA'),
(1046, 265, 2, '2014-04-24 14:03:03', 'ENTRADA'),
(1047, 890, 2, '2014-04-24 14:03:06', 'ENTRADA'),
(1048, 893, 2, '2014-04-17 14:03:13', 'ENTRADA'),
(1049, 885, 2, '2014-04-17 14:03:16', 'ENTRADA'),
(1050, 632, 2, '2014-04-24 14:03:14', 'ENTRADA'),
(1051, 496, 2, '2014-04-17 14:03:21', 'ENTRADA'),
(1052, 511, 2, '2014-04-17 14:03:32', 'ENTRADA'),
(1053, 492, 2, '2014-04-24 14:03:28', 'ENTRADA'),
(1054, 847, 2, '2014-04-17 14:03:35', 'ENTRADA'),
(1055, 865, 2, '2014-04-17 14:03:38', 'ENTRADA'),
(1056, 33, 2, '2014-04-24 14:03:43', 'ENTRADA'),
(1057, 133, 2, '2014-04-24 14:04:13', 'ENTRADA'),
(1058, 103, 2, '2014-04-24 14:04:17', 'ENTRADA'),
(1059, 443, 2, '2014-04-24 14:04:23', 'ENTRADA'),
(1060, 98, 2, '2014-04-17 14:04:30', 'ENTRADA'),
(1061, 898, 2, '2014-04-24 14:04:30', 'ENTRADA'),
(1062, 115, 2, '2014-04-24 14:04:33', 'ENTRADA'),
(1063, 165, 2, '2014-04-17 14:04:37', 'ENTRADA'),
(1064, 166, 2, '2014-04-17 14:04:40', 'ENTRADA'),
(1065, 124, 2, '2014-04-24 14:04:36', 'ENTRADA'),
(1066, 188, 2, '2014-04-24 14:04:46', 'ENTRADA'),
(1067, 404, 2, '2014-04-17 14:04:53', 'ENTRADA');
INSERT INTO `control` (`id`, `estudiante_id`, `evento_id`, `fechahora`, `tipo`) VALUES
(1068, 889, 2, '2014-04-17 14:04:58', 'ENTRADA'),
(1069, 187, 2, '2014-04-24 14:04:56', 'ENTRADA'),
(1070, 267, 2, '2014-04-24 14:05:02', 'ENTRADA'),
(1071, 204, 2, '2014-04-17 14:05:06', 'ENTRADA'),
(1072, 309, 2, '2014-04-24 14:05:04', 'ENTRADA'),
(1073, 279, 2, '2014-04-24 14:05:09', 'ENTRADA'),
(1074, 568, 2, '2014-04-24 14:05:14', 'ENTRADA'),
(1075, 319, 2, '2014-04-24 14:05:20', 'ENTRADA'),
(1076, 332, 2, '2014-04-24 14:05:26', 'ENTRADA'),
(1077, 330, 2, '2014-04-24 14:05:29', 'ENTRADA'),
(1078, 273, 2, '2014-04-24 14:05:37', 'ENTRADA'),
(1079, 288, 2, '2014-04-24 14:05:43', 'ENTRADA'),
(1080, 260, 2, '2014-04-24 14:05:49', 'ENTRADA'),
(1081, 257, 2, '2014-04-24 14:05:51', 'ENTRADA'),
(1082, 854, 2, '2014-04-17 14:05:57', 'ENTRADA'),
(1083, 126, 2, '2014-04-24 14:05:55', 'ENTRADA'),
(1084, 102, 2, '2014-04-24 14:05:57', 'ENTRADA'),
(1085, 327, 2, '2014-04-24 14:06:00', 'ENTRADA'),
(1086, 335, 2, '2014-04-24 14:06:13', 'ENTRADA'),
(1087, 87, 2, '2014-04-24 14:06:19', 'ENTRADA'),
(1088, 137, 2, '2014-04-24 14:06:23', 'ENTRADA'),
(1089, 140, 2, '2014-04-24 14:06:27', 'ENTRADA'),
(1090, 507, 2, '2014-04-24 14:06:33', 'ENTRADA'),
(1091, 502, 2, '2014-04-24 14:06:35', 'ENTRADA'),
(1092, 499, 2, '2014-04-24 14:06:47', 'ENTRADA'),
(1093, 569, 2, '2014-04-24 14:06:52', 'ENTRADA'),
(1094, 529, 2, '2014-04-24 14:06:55', 'ENTRADA'),
(1095, 545, 2, '2014-04-24 14:07:02', 'ENTRADA'),
(1096, 573, 2, '2014-04-17 14:07:06', 'ENTRADA'),
(1097, 230, 2, '2014-04-17 14:07:11', 'ENTRADA'),
(1098, 220, 2, '2014-04-17 14:07:16', 'ENTRADA'),
(1099, 227, 2, '2014-04-17 14:07:20', 'ENTRADA'),
(1100, 213, 2, '2014-04-17 14:13:41', 'ENTRADA'),
(1101, 471, 2, '2014-04-24 14:17:51', 'ENTRADA'),
(1102, 490, 2, '2014-04-17 14:19:44', 'ENTRADA'),
(1103, 521, 2, '2014-04-24 14:19:40', 'ENTRADA'),
(1104, 552, 2, '2014-04-24 14:19:43', 'ENTRADA'),
(1105, 548, 2, '2014-04-24 14:19:48', 'ENTRADA'),
(1106, 228, 2, '2014-04-17 14:20:12', 'ENTRADA'),
(1107, 189, 2, '2014-04-24 14:20:13', 'ENTRADA'),
(1108, 192, 2, '2014-04-24 14:20:16', 'ENTRADA'),
(1109, 203, 2, '2014-04-17 14:20:22', 'ENTRADA'),
(1110, 21, 2, '2014-04-24 14:20:26', 'ENTRADA'),
(1111, 317, 2, '2014-04-17 14:20:37', 'ENTRADA'),
(1112, 447, 2, '2014-04-17 14:20:40', 'ENTRADA'),
(1113, 773, 2, '2014-04-24 14:20:39', 'ENTRADA'),
(1114, 27, 2, '2014-04-17 14:20:44', 'ENTRADA'),
(1115, 751, 2, '2014-04-24 14:20:42', 'ENTRADA'),
(1116, 127, 2, '2014-04-17 14:20:49', 'ENTRADA'),
(1117, 769, 2, '2014-04-17 14:20:52', 'ENTRADA'),
(1118, 776, 2, '2014-04-24 14:20:50', 'ENTRADA'),
(1119, 116, 2, '2014-04-24 14:20:50', 'ENTRADA'),
(1120, 814, 2, '2014-04-17 14:20:55', 'ENTRADA'),
(1121, 831, 2, '2014-04-17 14:20:58', 'ENTRADA'),
(1122, 754, 2, '2014-04-17 14:21:01', 'ENTRADA'),
(1123, 111, 2, '2014-04-24 14:20:57', 'ENTRADA'),
(1124, 785, 2, '2014-04-17 14:21:07', 'ENTRADA'),
(1125, 804, 2, '2014-04-17 14:21:10', 'ENTRADA'),
(1126, 800, 2, '2014-04-17 14:21:13', 'ENTRADA'),
(1127, 131, 2, '2014-04-24 14:21:09', 'ENTRADA'),
(1128, 654, 2, '2014-04-17 14:21:15', 'ENTRADA'),
(1129, 436, 2, '2014-04-24 14:21:12', 'ENTRADA'),
(1130, 437, 2, '2014-04-24 14:21:15', 'ENTRADA'),
(1131, 887, 2, '2014-04-24 14:21:18', 'ENTRADA'),
(1132, 871, 2, '2014-04-24 14:21:19', 'ENTRADA'),
(1133, 553, 2, '2014-04-17 14:21:24', 'ENTRADA'),
(1134, 409, 2, '2014-04-17 14:21:26', 'ENTRADA'),
(1135, 878, 2, '2014-04-24 14:21:23', 'ENTRADA'),
(1136, 556, 2, '2014-04-17 14:21:29', 'ENTRADA'),
(1137, 884, 2, '2014-04-24 14:21:27', 'ENTRADA'),
(1138, 867, 2, '2014-04-24 14:21:27', 'ENTRADA'),
(1139, 423, 2, '2014-04-17 14:21:33', 'ENTRADA'),
(1140, 546, 2, '2014-04-17 14:21:36', 'ENTRADA'),
(1141, 498, 2, '2014-04-24 14:21:35', 'ENTRADA'),
(1142, 422, 2, '2014-04-24 14:21:39', 'ENTRADA'),
(1143, 506, 2, '2014-04-24 14:21:43', 'ENTRADA'),
(1144, 869, 2, '2014-04-24 14:21:45', 'ENTRADA'),
(1145, 875, 2, '2014-04-24 14:21:45', 'ENTRADA'),
(1146, 536, 2, '2014-04-17 14:21:51', 'ENTRADA'),
(1147, 868, 2, '2014-04-24 14:21:47', 'ENTRADA'),
(1148, 242, 2, '2014-04-24 14:21:56', 'ENTRADA'),
(1149, 36, 2, '2014-04-17 14:22:14', 'ENTRADA'),
(1150, 914, 2, '2014-04-24 14:22:11', 'ENTRADA'),
(1151, 61, 2, '2014-04-17 14:22:17', 'ENTRADA'),
(1152, 891, 2, '2014-04-24 14:22:15', 'ENTRADA'),
(1153, 157, 2, '2014-04-17 14:22:29', 'ENTRADA'),
(1154, 253, 2, '2014-04-24 14:22:37', 'ENTRADA'),
(1155, 237, 2, '2014-04-24 14:22:40', 'ENTRADA'),
(1156, 240, 2, '2014-04-24 14:22:43', 'ENTRADA'),
(1157, 191, 2, '2014-04-24 14:22:47', 'ENTRADA'),
(1158, 205, 2, '2014-04-24 14:22:49', 'ENTRADA'),
(1159, 291, 2, '2014-04-24 14:22:52', 'ENTRADA'),
(1160, 150, 2, '2014-04-17 14:23:02', 'ENTRADA'),
(1161, 248, 2, '2014-04-24 14:22:58', 'ENTRADA'),
(1162, 290, 2, '2014-04-24 14:23:09', 'ENTRADA'),
(1163, 135, 2, '2014-04-17 14:23:17', 'ENTRADA'),
(1164, 817, 2, '2014-04-24 14:23:15', 'ENTRADA'),
(1165, 117, 2, '2014-04-24 14:23:18', 'ENTRADA'),
(1166, 142, 2, '2014-04-17 14:23:28', 'ENTRADA'),
(1167, 261, 2, '2014-04-24 14:23:36', 'ENTRADA'),
(1168, 766, 2, '2014-04-24 14:23:48', 'ENTRADA'),
(1169, 895, 2, '2014-04-24 14:23:52', 'ENTRADA'),
(1170, 113, 2, '2014-04-24 14:24:16', 'ENTRADA'),
(1171, 721, 2, '2014-04-24 14:24:28', 'ENTRADA'),
(1172, 772, 2, '2014-04-24 14:24:35', 'ENTRADA'),
(1173, 179, 2, '2014-04-24 14:24:40', 'ENTRADA'),
(1174, 162, 2, '2014-04-24 14:24:52', 'ENTRADA'),
(1175, 292, 2, '2014-04-24 14:25:24', 'ENTRADA'),
(1176, 789, 2, '2014-04-24 14:25:27', 'ENTRADA'),
(1177, 787, 2, '2014-04-24 14:25:31', 'ENTRADA'),
(1178, 474, 2, '2014-04-24 14:25:37', 'ENTRADA'),
(1179, 470, 2, '2014-04-24 14:25:41', 'ENTRADA'),
(1180, 809, 2, '2014-04-24 14:25:43', 'ENTRADA'),
(1181, 823, 2, '2014-04-24 14:25:47', 'ENTRADA'),
(1182, 829, 2, '2014-04-24 14:25:50', 'ENTRADA'),
(1183, 815, 2, '2014-04-24 14:25:56', 'ENTRADA'),
(1184, 807, 2, '2014-04-24 14:26:06', 'ENTRADA'),
(1185, 180, 2, '2014-04-24 14:26:11', 'ENTRADA'),
(1186, 551, 2, '2014-04-24 14:26:15', 'ENTRADA'),
(1187, 322, 2, '2014-04-24 14:26:18', 'ENTRADA'),
(1188, 239, 2, '2014-04-24 14:26:24', 'ENTRADA'),
(1189, 234, 2, '2014-04-24 14:26:24', 'ENTRADA'),
(1190, 880, 2, '2014-04-24 14:26:46', 'ENTRADA'),
(1191, 956, 2, '2014-04-24 14:26:52', 'ENTRADA'),
(1192, 881, 2, '2014-04-24 14:26:54', 'ENTRADA'),
(1193, 525, 2, '2014-04-24 14:26:58', 'ENTRADA'),
(1194, 108, 2, '2014-04-24 14:27:14', 'ENTRADA'),
(1195, 155, 2, '2014-04-17 14:27:19', 'ENTRADA'),
(1196, 152, 2, '2014-04-17 14:27:27', 'ENTRADA'),
(1197, 874, 2, '2014-04-24 14:27:23', 'ENTRADA'),
(1198, 528, 2, '2014-04-24 14:27:25', 'ENTRADA'),
(1199, 301, 2, '2014-04-24 14:28:04', 'ENTRADA'),
(1200, 298, 2, '2014-04-24 14:28:06', 'ENTRADA'),
(1201, 861, 2, '2014-04-17 14:28:35', 'ENTRADA'),
(1202, 331, 2, '2014-04-24 14:28:57', 'ENTRADA'),
(1203, 306, 2, '2014-04-24 14:29:09', 'ENTRADA'),
(1204, 363, 2, '2014-04-17 14:29:20', 'ENTRADA'),
(1205, 659, 2, '2014-04-17 14:29:31', 'ENTRADA'),
(1206, 199, 2, '2014-04-17 14:29:40', 'ENTRADA'),
(1207, 933, 2, '2014-04-24 14:30:58', 'ENTRADA'),
(1208, 513, 2, '2014-04-17 14:31:07', 'ENTRADA'),
(1209, 141, 2, '2014-04-24 14:31:14', 'ENTRADA'),
(1210, 509, 2, '2014-04-17 14:31:19', 'ENTRADA'),
(1211, 54, 2, '2014-04-24 14:31:20', 'ENTRADA'),
(1212, 43, 2, '2014-04-24 14:31:21', 'ENTRADA'),
(1213, 495, 2, '2014-04-24 14:31:26', 'ENTRADA'),
(1214, 246, 2, '2014-04-17 14:31:36', 'ENTRADA'),
(1215, 427, 2, '2014-04-24 14:31:39', 'ENTRADA'),
(1216, 491, 2, '2014-04-17 14:31:46', 'ENTRADA'),
(1217, 798, 2, '2014-04-17 14:31:54', 'ENTRADA'),
(1218, 232, 2, '2014-04-17 14:32:13', 'ENTRADA'),
(1219, 944, 2, '2014-04-17 14:32:25', 'ENTRADA'),
(1220, 825, 2, '2014-04-24 14:32:57', 'ENTRADA'),
(1221, 877, 2, '2014-04-24 14:33:42', 'ENTRADA'),
(1222, 194, 2, '2014-04-24 14:33:48', 'ENTRADA'),
(1223, 455, 2, '2014-04-24 14:33:58', 'ENTRADA'),
(1224, 797, 2, '2014-04-24 14:34:12', 'ENTRADA'),
(1225, 430, 2, '2014-04-24 14:34:28', 'ENTRADA'),
(1226, 859, 2, '2014-04-24 14:34:47', 'ENTRADA'),
(1227, 324, 2, '2014-04-24 14:34:50', 'ENTRADA'),
(1228, 329, 2, '2014-04-24 14:34:56', 'ENTRADA'),
(1229, 783, 2, '2014-04-24 14:35:04', 'ENTRADA'),
(1230, 181, 2, '2014-04-17 14:35:59', 'ENTRADA'),
(1231, 167, 2, '2014-04-24 14:35:53', 'ENTRADA'),
(1232, 483, 2, '2014-04-17 14:36:15', 'ENTRADA'),
(1233, 505, 2, '2014-04-24 14:36:10', 'ENTRADA'),
(1234, 653, 2, '2014-04-17 14:36:20', 'ENTRADA'),
(1235, 66, 2, '2014-04-24 14:36:24', 'ENTRADA'),
(1236, 428, 2, '2014-04-24 14:36:30', 'ENTRADA'),
(1237, 420, 2, '2014-04-24 14:36:40', 'ENTRADA'),
(1238, 510, 2, '2014-04-24 14:36:45', 'ENTRADA'),
(1239, 419, 2, '2014-04-24 14:36:49', 'ENTRADA'),
(1240, 190, 2, '2014-04-24 14:37:46', 'ENTRADA'),
(1241, 834, 2, '2014-04-17 14:38:40', 'ENTRADA'),
(1242, 315, 2, '2014-04-17 14:39:54', 'ENTRADA'),
(1243, 561, 2, '2014-04-17 14:40:26', 'ENTRADA'),
(1244, 588, 2, '2014-04-17 14:40:35', 'ENTRADA'),
(1245, 453, 2, '2014-04-24 14:40:30', 'ENTRADA'),
(1246, 563, 2, '2014-04-17 14:41:20', 'ENTRADA'),
(1247, 413, 2, '2014-04-17 14:41:43', 'ENTRADA'),
(1248, 794, 2, '2014-04-24 14:41:50', 'ENTRADA'),
(1249, 791, 2, '2014-04-24 14:41:53', 'ENTRADA'),
(1250, 784, 2, '2014-04-24 14:41:58', 'ENTRADA'),
(1251, 808, 2, '2014-04-24 14:42:04', 'ENTRADA'),
(1252, 530, 2, '2014-04-24 14:43:16', 'ENTRADA'),
(1253, 752, 2, '2014-04-24 14:43:58', 'ENTRADA'),
(1254, 405, 2, '2014-04-24 14:45:48', 'ENTRADA'),
(1255, 429, 2, '2014-04-24 14:45:57', 'ENTRADA'),
(1256, 406, 2, '2014-04-24 14:46:06', 'ENTRADA'),
(1257, 589, 2, '2014-04-24 14:46:41', 'ENTRADA'),
(1258, 756, 2, '2014-04-24 14:47:21', 'ENTRADA'),
(1259, 441, 2, '2014-04-24 14:47:51', 'ENTRADA'),
(1260, 119, 2, '2014-04-24 14:48:47', 'ENTRADA'),
(1261, 586, 2, '2014-04-24 14:49:15', 'ENTRADA'),
(1262, 231, 2, '2014-04-24 14:49:42', 'ENTRADA'),
(1263, 410, 2, '2014-04-24 14:50:10', 'ENTRADA'),
(1264, 911, 2, '2014-04-24 14:50:25', 'ENTRADA'),
(1265, 216, 2, '2014-04-24 14:50:40', 'ENTRADA'),
(1266, 218, 2, '2014-04-24 14:50:50', 'ENTRADA'),
(1267, 226, 2, '2014-04-24 14:50:53', 'ENTRADA'),
(1268, 399, 2, '2014-04-24 14:52:06', 'ENTRADA'),
(1269, 468, 2, '2014-04-24 14:52:40', 'ENTRADA'),
(1270, 718, 2, '2014-04-24 14:53:21', 'ENTRADA'),
(1271, 235, 2, '2014-04-24 14:53:40', 'ENTRADA'),
(1272, 294, 2, '2014-04-24 14:54:02', 'ENTRADA'),
(1273, 883, 2, '2014-04-24 14:54:01', 'ENTRADA'),
(1274, 293, 2, '2014-04-24 14:54:08', 'ENTRADA'),
(1275, 518, 2, '2014-04-24 14:54:17', 'ENTRADA'),
(1276, 93, 2, '2014-04-24 14:55:36', 'ENTRADA'),
(1277, 193, 2, '2014-04-24 14:55:41', 'ENTRADA'),
(1278, 959, 2, '2014-04-24 14:55:54', 'ENTRADA'),
(1279, 655, 2, '2014-04-24 14:58:59', 'ENTRADA'),
(1280, 408, 2, '2014-04-24 15:02:57', 'ENTRADA'),
(1281, 425, 2, '2014-04-24 15:03:00', 'ENTRADA'),
(1282, 178, 2, '2014-04-24 15:03:58', 'ENTRADA'),
(1283, 796, 2, '2014-04-24 15:04:06', 'ENTRADA'),
(1284, 400, 2, '2014-04-24 15:04:21', 'ENTRADA'),
(1285, 489, 2, '2014-04-24 15:04:44', 'ENTRADA'),
(1286, 308, 2, '2014-04-24 15:08:18', 'ENTRADA'),
(1287, 481, 2, '2014-04-24 15:08:19', 'ENTRADA'),
(1288, 286, 2, '2014-04-24 15:08:52', 'ENTRADA'),
(1289, 313, 2, '2014-04-24 15:09:09', 'ENTRADA'),
(1290, 840, 2, '2014-04-24 15:09:19', 'ENTRADA'),
(1291, 848, 2, '2014-04-24 15:10:16', 'ENTRADA'),
(1292, 487, 2, '2014-04-24 15:10:29', 'ENTRADA'),
(1293, 475, 2, '2014-04-24 15:10:39', 'ENTRADA'),
(1294, 550, 2, '2014-04-24 15:15:55', 'ENTRADA'),
(1295, 523, 2, '2014-04-24 15:16:00', 'ENTRADA'),
(1296, 139, 2, '2014-04-24 15:16:17', 'ENTRADA'),
(1297, 197, 2, '2014-04-24 15:16:22', 'ENTRADA'),
(1298, 195, 2, '2014-04-24 15:17:44', 'ENTRADA'),
(1299, 520, 2, '2014-04-24 15:18:43', 'ENTRADA'),
(1300, 424, 2, '2014-04-24 15:18:55', 'ENTRADA'),
(1301, 432, 2, '2014-04-24 15:19:22', 'ENTRADA'),
(1302, 414, 2, '2014-04-24 15:19:31', 'ENTRADA'),
(1303, 348, 2, '2014-04-24 15:20:12', 'ENTRADA'),
(1304, 186, 2, '2014-04-24 15:20:20', 'ENTRADA'),
(1305, 184, 2, '2014-04-24 15:20:22', 'ENTRADA'),
(1306, 902, 2, '2014-04-24 15:21:54', 'ENTRADA'),
(1307, 297, 2, '2014-04-24 15:22:35', 'ENTRADA'),
(1308, 320, 2, '2014-04-24 15:22:53', 'ENTRADA'),
(1309, 277, 2, '2014-04-24 15:26:39', 'ENTRADA'),
(1310, 955, 2, '2014-04-24 15:27:06', 'ENTRADA'),
(1311, 477, 2, '2014-04-24 15:28:53', 'ENTRADA'),
(1312, 532, 2, '2014-04-24 15:30:16', 'ENTRADA'),
(1313, 299, 2, '2014-04-24 15:31:18', 'ENTRADA'),
(1314, 811, 2, '2014-04-24 15:31:21', 'ENTRADA'),
(1315, 183, 2, '2014-04-24 15:32:22', 'ENTRADA'),
(1316, 576, 2, '2014-04-24 15:32:47', 'ENTRADA'),
(1317, 767, 2, '2014-04-24 15:39:53', 'ENTRADA'),
(1318, 71, 2, '2014-04-24 15:41:54', 'ENTRADA'),
(1319, 524, 2, '2014-04-24 15:46:49', 'ENTRADA'),
(1320, 931, 2, '2014-04-24 15:47:41', 'ENTRADA'),
(1321, 418, 2, '2014-04-24 15:49:42', 'ENTRADA'),
(1322, 965, 2, '2014-04-24 15:49:46', 'ENTRADA'),
(1323, 198, 2, '2014-04-24 15:50:05', 'ENTRADA'),
(1324, 636, 2, '2014-04-24 15:54:15', 'ENTRADA'),
(1325, 79, 2, '2014-04-24 15:57:49', 'ENTRADA'),
(1326, 390, 2, '2014-04-17 16:02:30', 'ENTRADA'),
(1327, 843, 3, '2014-05-22 22:21:17', 'ENTRADA'),
(1328, 846, 3, '2014-05-22 22:21:26', 'ENTRADA'),
(1329, 854, 3, '2014-05-22 22:21:34', 'ENTRADA'),
(1330, 859, 3, '2014-05-22 22:21:34', 'ENTRADA'),
(1331, 333, 3, '2014-05-22 22:21:37', 'ENTRADA'),
(1332, 868, 3, '2014-05-22 22:21:37', 'ENTRADA'),
(1333, 850, 3, '2014-05-22 22:21:42', 'ENTRADA'),
(1334, 848, 3, '2014-05-22 22:21:48', 'ENTRADA'),
(1335, 656, 3, '2014-05-22 22:22:12', 'ENTRADA'),
(1336, 610, 3, '2014-05-22 22:22:14', 'ENTRADA'),
(1337, 865, 3, '2014-05-22 22:22:31', 'ENTRADA'),
(1338, 867, 3, '2014-05-22 22:22:37', 'ENTRADA'),
(1339, 629, 3, '2014-05-22 22:22:45', 'ENTRADA'),
(1340, 38, 3, '2014-05-22 22:22:51', 'ENTRADA'),
(1341, 864, 3, '2014-05-22 22:23:01', 'ENTRADA'),
(1342, 376, 3, '2014-05-22 22:23:10', 'ENTRADA'),
(1343, 857, 3, '2014-05-22 22:23:14', 'ENTRADA'),
(1344, 388, 3, '2014-05-22 22:23:17', 'ENTRADA'),
(1345, 381, 3, '2014-05-22 22:23:20', 'ENTRADA'),
(1346, 618, 3, '2014-05-22 22:23:32', 'ENTRADA'),
(1347, 627, 3, '2014-05-22 22:23:40', 'ENTRADA'),
(1348, 897, 3, '2014-05-22 22:23:49', 'ENTRADA'),
(1349, 625, 3, '2014-05-22 22:23:51', 'ENTRADA'),
(1350, 291, 3, '2014-05-22 22:24:31', 'ENTRADA'),
(1351, 68, 3, '2014-05-22 22:24:33', 'ENTRADA'),
(1352, 841, 3, '2014-05-22 22:24:36', 'ENTRADA'),
(1353, 861, 3, '2014-05-22 22:25:00', 'ENTRADA'),
(1354, 67, 3, '2014-05-22 22:25:02', 'ENTRADA'),
(1355, 49, 3, '2014-05-22 22:25:16', 'ENTRADA'),
(1356, 622, 3, '2014-05-22 22:25:20', 'ENTRADA'),
(1357, 604, 3, '2014-05-22 22:25:24', 'ENTRADA'),
(1358, 39, 3, '2014-05-22 22:25:39', 'ENTRADA'),
(1359, 50, 3, '2014-05-22 22:25:55', 'ENTRADA'),
(1360, 890, 3, '2014-05-22 22:26:00', 'ENTRADA'),
(1361, 893, 3, '2014-05-22 22:26:06', 'ENTRADA'),
(1362, 901, 3, '2014-05-22 22:26:06', 'ENTRADA'),
(1363, 601, 3, '2014-05-22 22:26:24', 'ENTRADA'),
(1364, 632, 3, '2014-05-22 22:26:26', 'ENTRADA'),
(1365, 607, 3, '2014-05-22 22:26:38', 'ENTRADA'),
(1366, 631, 3, '2014-05-22 22:26:43', 'ENTRADA'),
(1367, 46, 3, '2014-05-22 22:27:10', 'ENTRADA'),
(1368, 45, 3, '2014-05-22 22:27:28', 'ENTRADA'),
(1369, 255, 3, '2014-05-22 22:28:05', 'ENTRADA'),
(1370, 628, 3, '2014-05-22 22:28:14', 'ENTRADA'),
(1371, 600, 3, '2014-05-22 22:28:16', 'ENTRADA'),
(1372, 637, 3, '2014-05-22 22:28:18', 'ENTRADA'),
(1373, 688, 3, '2014-05-22 22:28:33', 'ENTRADA'),
(1374, 621, 3, '2014-05-22 22:28:36', 'ENTRADA'),
(1375, 87, 3, '2014-05-22 22:30:29', 'ENTRADA'),
(1376, 533, 3, '2014-05-22 22:30:31', 'ENTRADA'),
(1377, 73, 3, '2014-05-22 22:30:36', 'ENTRADA'),
(1378, 639, 3, '2014-05-22 22:31:00', 'ENTRADA'),
(1379, 608, 3, '2014-05-22 22:31:10', 'ENTRADA'),
(1380, 620, 3, '2014-05-22 22:31:17', 'ENTRADA'),
(1381, 636, 3, '2014-05-22 22:31:22', 'ENTRADA'),
(1382, 911, 3, '2014-05-22 22:31:34', 'ENTRADA'),
(1383, 606, 3, '2014-05-22 22:31:44', 'ENTRADA'),
(1384, 452, 3, '2014-05-22 22:31:57', 'ENTRADA'),
(1385, 456, 3, '2014-05-22 22:32:00', 'ENTRADA'),
(1386, 464, 3, '2014-05-22 22:32:12', 'ENTRADA'),
(1387, 701, 3, '2014-05-22 22:32:18', 'ENTRADA'),
(1388, 372, 3, '2014-05-22 22:32:18', 'ENTRADA'),
(1389, 385, 3, '2014-05-22 22:32:31', 'ENTRADA'),
(1390, 383, 3, '2014-05-22 22:32:29', 'ENTRADA'),
(1391, 439, 3, '2014-05-22 22:32:33', 'ENTRADA'),
(1392, 691, 3, '2014-05-22 22:32:38', 'ENTRADA'),
(1393, 458, 3, '2014-05-22 22:32:36', 'ENTRADA'),
(1394, 44, 3, '2014-05-22 22:32:40', 'ENTRADA'),
(1395, 42, 3, '2014-05-22 22:32:51', 'ENTRADA'),
(1396, 75, 3, '2014-05-22 22:32:55', 'ENTRADA'),
(1397, 158, 3, '2014-05-22 22:33:00', 'ENTRADA'),
(1398, 72, 3, '2014-05-22 22:33:05', 'ENTRADA'),
(1399, 932, 3, '2014-05-22 22:33:07', 'ENTRADA'),
(1400, 89, 3, '2014-05-22 22:33:14', 'ENTRADA'),
(1401, 928, 3, '2014-05-22 22:33:18', 'ENTRADA'),
(1402, 933, 3, '2014-05-22 22:33:26', 'ENTRADA'),
(1403, 238, 3, '2014-05-22 22:33:24', 'ENTRADA'),
(1404, 374, 3, '2014-05-22 22:33:34', 'ENTRADA'),
(1405, 246, 3, '2014-05-22 22:33:37', 'ENTRADA'),
(1406, 609, 3, '2014-05-22 22:33:42', 'ENTRADA'),
(1407, 235, 3, '2014-05-22 22:33:49', 'ENTRADA'),
(1408, 626, 3, '2014-05-22 22:33:58', 'ENTRADA'),
(1409, 79, 3, '2014-05-22 22:33:57', 'ENTRADA'),
(1410, 92, 3, '2014-05-22 22:34:07', 'ENTRADA'),
(1411, 337, 3, '2014-05-22 22:34:13', 'ENTRADA'),
(1412, 90, 3, '2014-05-22 22:34:18', 'ENTRADA'),
(1413, 262, 3, '2014-05-22 22:34:20', 'ENTRADA'),
(1414, 375, 3, '2014-05-22 22:34:23', 'ENTRADA'),
(1415, 384, 3, '2014-05-22 22:34:26', 'ENTRADA'),
(1416, 76, 3, '2014-05-22 22:34:28', 'ENTRADA'),
(1417, 84, 3, '2014-05-22 22:34:40', 'ENTRADA'),
(1418, 669, 3, '2014-05-22 22:34:43', 'ENTRADA'),
(1419, 666, 3, '2014-05-22 22:34:45', 'ENTRADA'),
(1420, 855, 3, '2014-05-22 22:34:55', 'ENTRADA'),
(1421, 380, 3, '2014-05-22 22:34:58', 'ENTRADA'),
(1422, 507, 3, '2014-05-22 22:35:06', 'ENTRADA'),
(1423, 64, 3, '2014-05-22 22:35:04', 'ENTRADA'),
(1424, 862, 3, '2014-05-22 22:35:06', 'ENTRADA'),
(1425, 494, 3, '2014-05-22 22:35:14', 'ENTRADA'),
(1426, 802, 3, '2014-05-22 22:35:14', 'ENTRADA'),
(1427, 430, 3, '2014-05-22 22:35:17', 'ENTRADA'),
(1428, 650, 3, '2014-05-22 22:35:19', 'ENTRADA'),
(1429, 649, 3, '2014-05-22 22:35:22', 'ENTRADA'),
(1430, 645, 3, '2014-05-22 22:35:25', 'ENTRADA'),
(1431, 642, 3, '2014-05-22 22:35:29', 'ENTRADA'),
(1432, 706, 3, '2014-05-22 22:35:49', 'ENTRADA'),
(1433, 686, 3, '2014-05-22 22:36:21', 'ENTRADA'),
(1434, 677, 3, '2014-05-22 22:36:25', 'ENTRADA'),
(1435, 687, 3, '2014-05-22 22:36:28', 'ENTRADA'),
(1436, 465, 3, '2014-05-22 22:36:47', 'ENTRADA'),
(1437, 472, 3, '2014-05-22 22:37:11', 'ENTRADA'),
(1438, 478, 3, '2014-05-22 22:37:13', 'ENTRADA'),
(1439, 43, 3, '2014-05-22 22:37:20', 'ENTRADA'),
(1440, 685, 3, '2014-05-22 22:37:21', 'ENTRADA'),
(1441, 927, 3, '2014-05-22 22:37:52', 'ENTRADA'),
(1442, 212, 3, '2014-05-22 22:37:54', 'ENTRADA'),
(1443, 941, 3, '2014-05-22 22:38:04', 'ENTRADA'),
(1444, 702, 3, '2014-05-22 22:38:03', 'ENTRADA'),
(1445, 680, 3, '2014-05-22 22:38:09', 'ENTRADA'),
(1446, 712, 3, '2014-05-22 22:38:08', 'ENTRADA'),
(1447, 694, 3, '2014-05-22 22:38:13', 'ENTRADA'),
(1448, 690, 3, '2014-05-22 22:38:14', 'ENTRADA'),
(1449, 481, 3, '2014-05-22 22:38:18', 'ENTRADA'),
(1450, 292, 3, '2014-05-22 22:38:28', 'ENTRADA'),
(1451, 473, 3, '2014-05-22 22:38:35', 'ENTRADA'),
(1452, 961, 3, '2014-05-22 22:38:46', 'ENTRADA'),
(1453, 951, 3, '2014-05-22 22:38:46', 'ENTRADA'),
(1454, 678, 3, '2014-05-22 22:38:52', 'ENTRADA'),
(1455, 822, 3, '2014-05-22 22:38:57', 'ENTRADA'),
(1456, 313, 3, '2014-05-22 22:38:57', 'ENTRADA'),
(1457, 684, 3, '2014-05-22 22:39:15', 'ENTRADA'),
(1458, 698, 3, '2014-05-22 22:39:39', 'ENTRADA'),
(1459, 309, 3, '2014-05-22 22:40:08', 'ENTRADA'),
(1460, 317, 3, '2014-05-22 22:40:18', 'ENTRADA'),
(1461, 759, 3, '2014-05-22 22:40:21', 'ENTRADA'),
(1462, 486, 3, '2014-05-22 22:40:25', 'ENTRADA'),
(1463, 820, 3, '2014-05-22 22:41:06', 'ENTRADA'),
(1464, 828, 3, '2014-05-22 22:41:10', 'ENTRADA'),
(1465, 833, 3, '2014-05-22 22:41:46', 'ENTRADA'),
(1466, 504, 3, '2014-05-22 22:42:06', 'ENTRADA'),
(1467, 663, 3, '2014-05-22 22:42:11', 'ENTRADA'),
(1468, 662, 3, '2014-05-22 22:42:15', 'ENTRADA'),
(1469, 923, 3, '2014-05-22 22:42:58', 'ENTRADA'),
(1470, 367, 3, '2014-05-22 22:43:04', 'ENTRADA'),
(1471, 366, 3, '2014-05-22 22:43:07', 'ENTRADA'),
(1472, 261, 3, '2014-05-22 22:43:06', 'ENTRADA'),
(1473, 389, 3, '2014-05-22 22:43:11', 'ENTRADA'),
(1474, 188, 3, '2014-05-22 22:43:09', 'ENTRADA'),
(1475, 445, 3, '2014-05-22 22:43:15', 'ENTRADA'),
(1476, 181, 3, '2014-05-22 22:43:15', 'ENTRADA'),
(1477, 440, 3, '2014-05-22 22:43:17', 'ENTRADA'),
(1478, 960, 3, '2014-05-22 22:43:39', 'ENTRADA'),
(1479, 141, 3, '2014-05-22 22:43:51', 'ENTRADA'),
(1480, 130, 3, '2014-05-22 22:44:04', 'ENTRADA'),
(1481, 111, 3, '2014-05-22 22:44:06', 'ENTRADA'),
(1482, 170, 3, '2014-05-22 22:44:12', 'ENTRADA'),
(1483, 101, 3, '2014-05-22 22:44:11', 'ENTRADA'),
(1484, 124, 3, '2014-05-22 22:44:14', 'ENTRADA'),
(1485, 762, 3, '2014-05-22 22:44:55', 'ENTRADA'),
(1486, 471, 3, '2014-05-22 22:44:58', 'ENTRADA'),
(1487, 852, 3, '2014-05-22 22:45:25', 'ENTRADA'),
(1488, 810, 3, '2014-05-22 22:45:29', 'ENTRADA'),
(1489, 793, 3, '2014-05-22 22:45:31', 'ENTRADA'),
(1490, 835, 3, '2014-05-22 22:45:42', 'ENTRADA'),
(1491, 700, 3, '2014-05-22 22:45:46', 'ENTRADA'),
(1492, 845, 3, '2014-05-22 22:46:51', 'ENTRADA'),
(1493, 949, 3, '2014-05-22 22:46:56', 'ENTRADA'),
(1494, 946, 3, '2014-05-22 22:46:59', 'ENTRADA'),
(1495, 795, 3, '2014-05-22 22:47:51', 'ENTRADA'),
(1496, 274, 3, '2014-05-22 22:48:31', 'ENTRADA'),
(1497, 308, 3, '2014-05-22 22:49:30', 'ENTRADA'),
(1498, 311, 3, '2014-05-22 22:50:43', 'ENTRADA'),
(1499, 297, 3, '2014-05-22 22:52:15', 'ENTRADA'),
(1500, 280, 3, '2014-05-22 22:52:28', 'ENTRADA'),
(1501, 786, 3, '2014-05-22 22:53:04', 'ENTRADA'),
(1502, 769, 3, '2014-05-22 22:53:21', 'ENTRADA'),
(1503, 880, 3, '2014-05-22 22:53:30', 'ENTRADA'),
(1504, 208, 3, '2014-05-22 22:54:01', 'ENTRADA'),
(1505, 195, 3, '2014-05-22 22:54:20', 'ENTRADA'),
(1506, 294, 3, '2014-05-22 22:54:24', 'ENTRADA'),
(1507, 293, 3, '2014-05-22 22:54:28', 'ENTRADA'),
(1508, 673, 3, '2014-05-22 22:54:50', 'ENTRADA'),
(1509, 501, 3, '2014-05-22 22:55:06', 'ENTRADA'),
(1510, 118, 3, '2014-05-22 22:55:21', 'ENTRADA'),
(1511, 942, 3, '2014-05-22 22:55:23', 'ENTRADA'),
(1512, 938, 3, '2014-05-22 22:55:25', 'ENTRADA'),
(1513, 131, 3, '2014-05-22 22:55:27', 'ENTRADA'),
(1514, 957, 3, '2014-05-22 22:55:35', 'ENTRADA'),
(1515, 952, 3, '2014-05-22 22:55:41', 'ENTRADA'),
(1516, 315, 3, '2014-05-22 22:56:11', 'ENTRADA'),
(1517, 273, 3, '2014-05-22 22:56:25', 'ENTRADA'),
(1518, 260, 3, '2014-05-22 22:56:50', 'ENTRADA'),
(1519, 269, 3, '2014-05-22 22:56:53', 'ENTRADA'),
(1520, 319, 3, '2014-05-22 22:56:56', 'ENTRADA'),
(1521, 764, 3, '2014-05-22 22:57:42', 'ENTRADA'),
(1522, 52, 3, '2014-05-22 23:05:06', 'ENTRADA'),
(1523, 373, 3, '2014-05-22 23:05:31', 'ENTRADA'),
(1524, 103, 3, '2014-05-22 23:06:03', 'ENTRADA'),
(1525, 378, 3, '2014-05-22 23:06:22', 'ENTRADA'),
(1526, 13, 3, '2014-05-22 23:06:34', 'ENTRADA'),
(1527, 286, 3, '2014-05-22 23:09:02', 'ENTRADA'),
(1528, 872, 3, '2014-05-22 23:09:16', 'ENTRADA'),
(1529, 257, 3, '2014-05-22 23:09:34', 'ENTRADA'),
(1530, 119, 3, '2014-05-22 23:09:44', 'ENTRADA'),
(1531, 817, 3, '2014-05-22 23:09:57', 'ENTRADA'),
(1532, 122, 3, '2014-05-22 23:10:10', 'ENTRADA'),
(1533, 163, 3, '2014-05-22 23:10:21', 'ENTRADA'),
(1534, 28, 3, '2014-05-22 23:10:31', 'ENTRADA'),
(1535, 432, 3, '2014-05-22 23:10:41', 'ENTRADA'),
(1536, 800, 3, '2014-05-22 23:10:53', 'ENTRADA'),
(1537, 806, 3, '2014-05-22 23:10:59', 'ENTRADA'),
(1538, 895, 3, '2014-05-22 23:11:12', 'ENTRADA'),
(1539, 740, 3, '2014-05-22 23:11:30', 'ENTRADA'),
(1540, 224, 3, '2014-05-22 23:12:14', 'ENTRADA'),
(1541, 219, 3, '2014-05-22 23:12:24', 'ENTRADA'),
(1542, 689, 3, '2014-05-22 23:12:51', 'ENTRADA'),
(1543, 921, 3, '2014-05-22 23:13:03', 'ENTRADA'),
(1544, 8, 3, '2014-05-22 23:13:14', 'ENTRADA'),
(1545, 785, 3, '2014-05-22 23:13:20', 'ENTRADA'),
(1546, 14, 3, '2014-05-22 23:13:32', 'ENTRADA'),
(1547, 127, 3, '2014-05-22 23:13:44', 'ENTRADA'),
(1548, 102, 3, '2014-05-22 23:13:52', 'ENTRADA'),
(1549, 811, 3, '2014-05-22 23:14:03', 'ENTRADA'),
(1550, 825, 3, '2014-05-22 23:14:12', 'ENTRADA'),
(1551, 35, 3, '2014-05-22 23:14:26', 'ENTRADA'),
(1552, 31, 3, '2014-05-22 23:14:37', 'ENTRADA'),
(1553, 443, 3, '2014-05-22 23:14:48', 'ENTRADA'),
(1554, 85, 3, '2014-05-22 23:15:04', 'ENTRADA'),
(1555, 94, 3, '2014-05-22 23:15:14', 'ENTRADA'),
(1556, 635, 3, '2014-05-22 23:15:26', 'ENTRADA'),
(1557, 788, 3, '2014-05-22 23:15:44', 'ENTRADA'),
(1558, 908, 3, '2014-05-22 23:15:54', 'ENTRADA'),
(1559, 906, 3, '2014-05-22 23:16:05', 'ENTRADA'),
(1560, 387, 3, '2014-05-22 23:16:15', 'ENTRADA'),
(1561, 100, 3, '2014-05-22 23:16:26', 'ENTRADA'),
(1562, 870, 3, '2014-05-22 23:16:35', 'ENTRADA'),
(1563, 962, 3, '2014-05-22 23:16:43', 'ENTRADA'),
(1564, 887, 3, '2014-05-22 23:16:53', 'ENTRADA'),
(1565, 744, 3, '2014-05-22 23:17:06', 'ENTRADA'),
(1566, 721, 3, '2014-05-22 23:17:16', 'ENTRADA'),
(1567, 743, 3, '2014-05-22 23:17:28', 'ENTRADA'),
(1568, 910, 3, '2014-05-22 23:17:40', 'ENTRADA'),
(1569, 881, 3, '2014-05-22 23:17:50', 'ENTRADA'),
(1570, 791, 3, '2014-05-22 23:18:28', 'ENTRADA'),
(1571, 936, 3, '2014-05-22 23:18:42', 'ENTRADA'),
(1572, 716, 3, '2014-05-22 23:18:53', 'ENTRADA'),
(1573, 142, 3, '2014-05-22 23:19:02', 'ENTRADA'),
(1574, 873, 3, '2014-05-22 23:19:13', 'ENTRADA'),
(1575, 724, 3, '2014-05-22 23:19:23', 'ENTRADA'),
(1576, 277, 3, '2014-05-22 23:19:32', 'ENTRADA'),
(1577, 243, 3, '2014-05-22 23:19:42', 'ENTRADA'),
(1578, 871, 3, '2014-05-22 23:20:13', 'ENTRADA'),
(1579, 875, 3, '2014-05-22 23:20:22', 'ENTRADA'),
(1580, 749, 3, '2014-05-22 23:20:52', 'ENTRADA'),
(1581, 730, 3, '2014-05-22 23:21:04', 'ENTRADA'),
(1582, 109, 3, '2014-05-22 23:21:15', 'ENTRADA'),
(1583, 885, 3, '2014-05-22 23:21:32', 'ENTRADA'),
(1584, 732, 3, '2014-05-22 23:21:45', 'ENTRADA'),
(1585, 879, 3, '2014-05-22 23:21:53', 'ENTRADA'),
(1586, 20, 3, '2014-05-22 23:22:17', 'ENTRADA'),
(1587, 302, 3, '2014-05-22 23:22:28', 'ENTRADA'),
(1588, 715, 3, '2014-05-22 23:22:40', 'ENTRADA'),
(1589, 742, 3, '2014-05-22 23:22:47', 'ENTRADA'),
(1590, 500, 3, '2014-05-22 23:22:56', 'ENTRADA'),
(1591, 726, 3, '2014-05-22 23:23:05', 'ENTRADA'),
(1592, 733, 3, '2014-05-22 23:23:15', 'ENTRADA'),
(1593, 728, 3, '2014-05-22 23:23:24', 'ENTRADA'),
(1594, 475, 3, '2014-05-22 23:23:38', 'ENTRADA'),
(1595, 416, 3, '2014-05-22 23:23:49', 'ENTRADA'),
(1596, 419, 3, '2014-05-22 23:23:59', 'ENTRADA'),
(1597, 305, 3, '2014-05-22 23:24:12', 'ENTRADA'),
(1598, 247, 3, '2014-05-22 23:24:24', 'ENTRADA'),
(1599, 411, 3, '2014-05-22 23:24:34', 'ENTRADA'),
(1600, 252, 3, '2014-05-22 23:24:46', 'ENTRADA'),
(1601, 731, 3, '2014-05-22 23:24:52', 'ENTRADA'),
(1602, 425, 3, '2014-05-22 23:24:57', 'ENTRADA'),
(1603, 237, 3, '2014-05-22 23:25:10', 'ENTRADA'),
(1604, 569, 3, '2014-05-22 23:25:19', 'ENTRADA'),
(1605, 869, 3, '2014-05-22 23:25:30', 'ENTRADA'),
(1606, 299, 3, '2014-05-22 23:25:44', 'ENTRADA'),
(1607, 298, 3, '2014-05-22 23:25:54', 'ENTRADA'),
(1608, 420, 3, '2014-05-22 23:26:36', 'ENTRADA'),
(1609, 935, 3, '2014-05-22 23:26:46', 'ENTRADA'),
(1610, 925, 3, '2014-05-22 23:26:55', 'ENTRADA'),
(1611, 874, 3, '2014-05-22 23:27:10', 'ENTRADA'),
(1612, 368, 3, '2014-05-22 23:27:20', 'ENTRADA'),
(1613, 886, 3, '2014-05-22 23:27:29', 'ENTRADA'),
(1614, 377, 3, '2014-05-22 23:27:38', 'ENTRADA'),
(1615, 179, 3, '2014-05-22 23:27:47', 'ENTRADA'),
(1616, 876, 3, '2014-05-22 23:28:03', 'ENTRADA'),
(1617, 774, 3, '2014-05-22 23:28:12', 'ENTRADA'),
(1618, 11, 3, '2014-05-22 23:28:26', 'ENTRADA'),
(1619, 436, 3, '2014-05-22 23:28:38', 'ENTRADA'),
(1620, 659, 3, '2014-05-22 23:28:42', 'ENTRADA'),
(1621, 913, 3, '2014-05-22 23:28:58', 'ENTRADA'),
(1622, 98, 3, '2014-05-22 23:29:09', 'ENTRADA'),
(1623, 888, 3, '2014-05-22 23:29:27', 'ENTRADA'),
(1624, 437, 3, '2014-05-22 23:29:33', 'ENTRADA'),
(1625, 263, 3, '2014-05-22 23:30:01', 'ENTRADA'),
(1626, 776, 3, '2014-05-22 23:30:12', 'ENTRADA'),
(1627, 757, 3, '2014-05-22 23:30:22', 'ENTRADA'),
(1628, 231, 3, '2014-05-22 23:30:41', 'ENTRADA'),
(1629, 268, 3, '2014-05-22 23:30:45', 'ENTRADA'),
(1630, 251, 3, '2014-05-22 23:30:55', 'ENTRADA'),
(1631, 137, 3, '2014-05-22 23:31:03', 'ENTRADA'),
(1632, 173, 3, '2014-05-22 23:31:12', 'ENTRADA'),
(1633, 167, 3, '2014-05-22 23:31:22', 'ENTRADA'),
(1634, 12, 3, '2014-05-22 23:31:34', 'ENTRADA'),
(1635, 165, 3, '2014-05-22 23:31:44', 'ENTRADA'),
(1636, 418, 3, '2014-05-22 23:31:52', 'ENTRADA'),
(1637, 168, 3, '2014-05-22 23:31:59', 'ENTRADA'),
(1638, 899, 3, '2014-05-22 23:32:10', 'ENTRADA'),
(1639, 919, 3, '2014-05-22 23:32:20', 'ENTRADA'),
(1640, 21, 3, '2014-05-22 23:32:29', 'ENTRADA'),
(1641, 955, 3, '2014-05-22 23:32:39', 'ENTRADA'),
(1642, 947, 3, '2014-05-22 23:32:48', 'ENTRADA'),
(1643, 924, 3, '2014-05-22 23:33:00', 'ENTRADA'),
(1644, 909, 3, '2014-05-22 23:33:08', 'ENTRADA'),
(1645, 484, 3, '2014-05-22 23:33:27', 'ENTRADA'),
(1646, 30, 3, '2014-05-22 23:33:38', 'ENTRADA'),
(1647, 674, 3, '2014-05-22 23:33:49', 'ENTRADA'),
(1648, 814, 3, '2014-05-22 23:33:59', 'ENTRADA'),
(1649, 752, 3, '2014-05-22 23:34:32', 'ENTRADA'),
(1650, 827, 3, '2014-05-22 23:34:41', 'ENTRADA'),
(1651, 638, 3, '2014-05-22 23:34:54', 'ENTRADA'),
(1652, 916, 3, '2014-05-22 23:35:06', 'ENTRADA'),
(1653, 934, 3, '2014-05-22 23:35:15', 'ENTRADA'),
(1654, 829, 3, '2014-05-22 23:35:28', 'ENTRADA'),
(1655, 630, 3, '2014-05-22 23:35:36', 'ENTRADA'),
(1656, 25, 3, '2014-05-22 23:35:46', 'ENTRADA'),
(1657, 9, 3, '2014-05-22 23:35:58', 'ENTRADA'),
(1658, 33, 3, '2014-05-22 23:36:08', 'ENTRADA'),
(1659, 883, 3, '2014-06-03 16:33:57', 'ENTRADA'),
(1660, 815, 3, '2014-05-27 16:34:55', 'ENTRADA'),
(1661, 23, 3, '2014-06-03 16:34:32', 'ENTRADA'),
(1662, 386, 3, '2014-06-03 16:35:52', 'ENTRADA'),
(1663, 74, 3, '2014-06-03 16:36:08', 'ENTRADA'),
(1664, 93, 3, '2014-05-27 16:37:01', 'ENTRADA'),
(1665, 799, 3, '2014-05-27 16:37:30', 'ENTRADA'),
(1666, 882, 3, '2014-06-03 16:36:52', 'ENTRADA'),
(1667, 477, 3, '2014-06-03 16:37:02', 'ENTRADA'),
(1668, 904, 3, '2014-06-03 16:37:12', 'ENTRADA'),
(1669, 259, 3, '2014-05-27 16:37:55', 'ENTRADA'),
(1670, 839, 3, '2014-06-03 16:37:23', 'ENTRADA'),
(1671, 813, 3, '2014-06-03 16:37:33', 'ENTRADA'),
(1672, 451, 3, '2014-05-27 16:38:12', 'ENTRADA'),
(1673, 612, 3, '2014-05-27 16:38:26', 'ENTRADA'),
(1674, 912, 3, '2014-06-03 16:37:51', 'ENTRADA'),
(1675, 447, 3, '2014-05-27 16:38:40', 'ENTRADA'),
(1676, 920, 3, '2014-06-03 16:38:04', 'ENTRADA'),
(1677, 781, 3, '2014-05-27 16:38:49', 'ENTRADA'),
(1678, 232, 3, '2014-06-03 16:38:16', 'ENTRADA'),
(1679, 931, 3, '2014-05-27 16:39:00', 'ENTRADA'),
(1680, 681, 3, '2014-05-27 16:39:15', 'ENTRADA'),
(1681, 777, 3, '2014-05-27 16:39:24', 'ENTRADA'),
(1682, 214, 3, '2014-06-03 16:38:49', 'ENTRADA'),
(1683, 256, 3, '2014-06-03 16:39:36', 'ENTRADA'),
(1684, 605, 3, '2014-06-03 16:39:46', 'ENTRADA'),
(1685, 470, 3, '2014-05-27 16:40:32', 'ENTRADA'),
(1686, 672, 3, '2014-05-27 16:40:50', 'ENTRADA'),
(1687, 110, 3, '2014-06-03 16:40:21', 'ENTRADA'),
(1688, 902, 3, '2014-05-27 16:41:05', 'ENTRADA'),
(1689, 711, 3, '2014-06-03 16:40:38', 'ENTRADA'),
(1690, 809, 3, '2014-05-27 16:41:18', 'ENTRADA'),
(1691, 840, 3, '2014-06-03 16:40:51', 'ENTRADA'),
(1692, 658, 3, '2014-05-27 16:41:29', 'ENTRADA'),
(1693, 242, 3, '2014-05-27 16:41:39', 'ENTRADA'),
(1694, 832, 3, '2014-06-03 16:41:02', 'ENTRADA'),
(1695, 929, 3, '2014-06-03 16:41:10', 'ENTRADA'),
(1696, 503, 3, '2014-05-27 16:41:49', 'ENTRADA'),
(1697, 444, 3, '2014-05-27 16:41:59', 'ENTRADA'),
(1698, 228, 3, '2014-05-27 16:42:12', 'ENTRADA'),
(1699, 258, 3, '2014-05-27 16:42:29', 'ENTRADA'),
(1700, 697, 3, '2014-06-03 16:42:03', 'ENTRADA'),
(1701, 670, 3, '2014-06-03 16:42:16', 'ENTRADA'),
(1702, 460, 3, '2014-05-27 16:43:03', 'ENTRADA'),
(1703, 61, 3, '2014-06-03 16:42:26', 'ENTRADA'),
(1704, 819, 3, '2014-06-03 16:42:34', 'ENTRADA'),
(1705, 803, 3, '2014-05-27 16:44:01', 'ENTRADA'),
(1706, 679, 3, '2014-05-27 16:44:13', 'ENTRADA'),
(1707, 448, 3, '2014-05-27 16:44:24', 'ENTRADA'),
(1708, 505, 3, '2014-05-27 16:44:33', 'ENTRADA'),
(1709, 62, 3, '2014-06-03 16:44:01', 'ENTRADA'),
(1710, 615, 3, '2014-05-27 16:44:45', 'ENTRADA'),
(1711, 59, 3, '2014-06-03 16:44:11', 'ENTRADA'),
(1712, 454, 3, '2014-05-27 16:44:56', 'ENTRADA'),
(1713, 423, 3, '2014-06-03 16:44:23', 'ENTRADA'),
(1714, 703, 3, '2014-05-27 16:45:06', 'ENTRADA'),
(1715, 695, 3, '2014-05-27 16:45:17', 'ENTRADA'),
(1716, 683, 3, '2014-06-03 16:44:42', 'ENTRADA'),
(1717, 466, 3, '2014-05-27 16:45:25', 'ENTRADA'),
(1718, 469, 3, '2014-06-03 16:44:57', 'ENTRADA'),
(1719, 63, 3, '2014-05-27 16:45:40', 'ENTRADA'),
(1720, 207, 3, '2014-06-03 16:45:12', 'ENTRADA'),
(1721, 409, 3, '2014-05-27 16:45:53', 'ENTRADA'),
(1722, 737, 3, '2014-06-03 16:45:23', 'ENTRADA'),
(1723, 771, 3, '2014-05-27 16:46:03', 'ENTRADA'),
(1724, 812, 3, '2014-05-27 16:46:11', 'ENTRADA'),
(1725, 312, 3, '2014-06-03 16:45:36', 'ENTRADA'),
(1726, 884, 3, '2014-05-27 16:46:23', 'ENTRADA'),
(1727, 640, 3, '2014-06-03 16:45:48', 'ENTRADA'),
(1728, 616, 3, '2014-05-27 16:46:35', 'ENTRADA'),
(1729, 948, 3, '2014-06-03 16:46:01', 'ENTRADA'),
(1730, 602, 3, '2014-06-03 16:46:10', 'ENTRADA'),
(1731, 818, 3, '2014-06-03 16:46:24', 'ENTRADA'),
(1732, 823, 3, '2014-06-03 16:46:36', 'ENTRADA'),
(1733, 193, 3, '2014-05-27 16:47:19', 'ENTRADA'),
(1734, 213, 3, '2014-05-27 16:47:28', 'ENTRADA'),
(1735, 693, 3, '2014-05-27 16:47:45', 'ENTRADA'),
(1736, 780, 3, '2014-05-27 16:47:56', 'ENTRADA'),
(1737, 17, 3, '2014-06-03 16:47:21', 'ENTRADA'),
(1738, 668, 3, '2014-05-27 16:48:06', 'ENTRADA'),
(1739, 705, 3, '2014-06-03 16:47:31', 'ENTRADA'),
(1740, 826, 3, '2014-05-27 16:48:19', 'ENTRADA'),
(1741, 499, 3, '2014-06-03 16:47:44', 'ENTRADA'),
(1742, 442, 3, '2014-05-27 16:48:29', 'ENTRADA'),
(1743, 917, 3, '2014-06-03 16:47:55', 'ENTRADA'),
(1744, 853, 3, '2014-05-27 16:48:38', 'ENTRADA'),
(1745, 488, 3, '2014-06-03 16:48:04', 'ENTRADA'),
(1746, 878, 3, '2014-05-27 16:48:48', 'ENTRADA'),
(1747, 751, 3, '2014-06-03 16:48:17', 'ENTRADA'),
(1748, 514, 3, '2014-06-03 16:48:26', 'ENTRADA'),
(1749, 508, 3, '2014-06-03 16:48:35', 'ENTRADA'),
(1750, 506, 3, '2014-06-03 16:48:46', 'ENTRADA'),
(1751, 16, 3, '2014-05-27 16:49:28', 'ENTRADA'),
(1752, 510, 3, '2014-06-03 16:48:57', 'ENTRADA'),
(1753, 709, 3, '2014-05-27 16:49:37', 'ENTRADA'),
(1754, 898, 3, '2014-06-03 16:49:08', 'ENTRADA'),
(1755, 692, 3, '2014-05-27 16:49:48', 'ENTRADA'),
(1756, 69, 3, '2014-05-27 16:49:56', 'ENTRADA'),
(1757, 36, 3, '2014-06-03 16:49:19', 'ENTRADA'),
(1758, 174, 3, '2014-05-27 16:50:04', 'ENTRADA'),
(1759, 758, 3, '2014-05-27 16:50:37', 'ENTRADA'),
(1760, 671, 3, '2014-06-03 16:50:00', 'ENTRADA'),
(1761, 660, 3, '2014-06-03 16:50:10', 'ENTRADA'),
(1762, 646, 3, '2014-06-03 16:50:23', 'ENTRADA'),
(1763, 655, 3, '2014-06-03 16:50:39', 'ENTRADA'),
(1764, 22, 3, '2014-05-27 16:51:27', 'ENTRADA'),
(1765, 831, 3, '2014-05-27 16:51:39', 'ENTRADA'),
(1766, 10, 3, '2014-05-27 16:51:51', 'ENTRADA'),
(1767, 114, 3, '2014-05-27 16:52:09', 'ENTRADA'),
(1768, 794, 3, '2014-05-27 16:52:19', 'ENTRADA'),
(1769, 930, 3, '2014-05-27 16:52:34', 'ENTRADA'),
(1770, 648, 3, '2014-05-27 16:52:47', 'ENTRADA'),
(1771, 657, 3, '2014-06-03 16:52:23', 'ENTRADA'),
(1772, 892, 3, '2014-05-27 16:53:04', 'ENTRADA'),
(1773, 704, 3, '2014-05-27 16:53:16', 'ENTRADA'),
(1774, 763, 3, '2014-06-03 16:52:44', 'ENTRADA'),
(1775, 940, 3, '2014-06-03 16:52:53', 'ENTRADA'),
(1776, 112, 3, '2014-05-27 16:53:32', 'ENTRADA'),
(1777, 240, 3, '2014-06-03 16:53:04', 'ENTRADA'),
(1778, 6, 3, '2014-06-03 16:53:15', 'ENTRADA'),
(1779, 468, 3, '2014-05-27 16:54:02', 'ENTRADA'),
(1780, 54, 3, '2014-05-27 16:54:15', 'ENTRADA'),
(1781, 37, 3, '2014-05-27 16:54:27', 'ENTRADA'),
(1782, 729, 3, '2014-06-03 16:54:14', 'ENTRADA'),
(1783, 26, 3, '2014-05-27 16:55:09', 'ENTRADA'),
(1784, 772, 3, '2014-05-27 16:55:22', 'ENTRADA'),
(1785, 750, 3, '2014-06-03 16:54:45', 'ENTRADA'),
(1786, 708, 3, '2014-05-27 16:55:31', 'ENTRADA'),
(1787, 696, 3, '2014-05-27 16:55:40', 'ENTRADA'),
(1788, 304, 3, '2014-05-27 16:55:55', 'ENTRADA'),
(1789, 395, 3, '2014-05-27 16:56:07', 'ENTRADA'),
(1790, 816, 3, '2014-05-27 16:56:31', 'ENTRADA'),
(1791, 617, 3, '2014-05-27 16:56:46', 'ENTRADA'),
(1792, 225, 3, '2014-05-27 16:57:13', 'ENTRADA'),
(1793, 699, 3, '2014-05-27 16:57:26', 'ENTRADA'),
(1794, 58, 3, '2014-05-27 16:57:41', 'ENTRADA'),
(1795, 736, 3, '2014-06-03 16:57:03', 'ENTRADA'),
(1796, 51, 3, '2014-05-27 16:57:53', 'ENTRADA'),
(1797, 717, 3, '2014-05-27 16:58:05', 'ENTRADA'),
(1798, 103, 4, '2014-06-05 22:01:51', 'ENTRADA'),
(1799, 810, 4, '2014-06-05 22:01:54', 'ENTRADA'),
(1800, 942, 4, '2014-06-05 22:01:56', 'ENTRADA'),
(1801, 353, 4, '2014-06-05 22:01:59', 'ENTRADA'),
(1802, 938, 4, '2014-06-05 22:02:00', 'ENTRADA'),
(1803, 957, 4, '2014-06-05 22:02:03', 'ENTRADA'),
(1804, 952, 4, '2014-06-05 22:02:08', 'ENTRADA'),
(1805, 111, 4, '2014-06-05 22:02:10', 'ENTRADA'),
(1806, 473, 4, '2014-06-05 22:02:20', 'ENTRADA'),
(1807, 474, 4, '2014-06-05 22:02:22', 'ENTRADA'),
(1808, 481, 4, '2014-06-05 22:02:25', 'ENTRADA'),
(1809, 346, 4, '2014-06-05 22:02:27', 'ENTRADA'),
(1810, 465, 4, '2014-06-05 22:02:29', 'ENTRADA'),
(1811, 349, 4, '2014-06-05 22:02:32', 'ENTRADA'),
(1812, 478, 4, '2014-06-05 22:02:36', 'ENTRADA'),
(1813, 350, 4, '2014-06-05 22:02:45', 'ENTRADA'),
(1814, 362, 4, '2014-06-05 22:02:54', 'ENTRADA'),
(1815, 799, 4, '2014-06-05 22:03:09', 'ENTRADA'),
(1816, 961, 4, '2014-06-05 22:03:11', 'ENTRADA'),
(1817, 786, 4, '2014-06-05 22:03:14', 'ENTRADA'),
(1818, 109, 4, '2014-06-05 22:03:17', 'ENTRADA'),
(1819, 480, 4, '2014-06-05 22:03:19', 'ENTRADA'),
(1820, 802, 4, '2014-06-05 22:03:22', 'ENTRADA'),
(1821, 851, 4, '2014-06-05 22:03:25', 'ENTRADA'),
(1822, 110, 4, '2014-06-05 22:03:30', 'ENTRADA'),
(1823, 124, 4, '2014-06-05 22:03:33', 'ENTRADA'),
(1824, 962, 4, '2014-06-05 22:03:47', 'ENTRADA'),
(1825, 960, 4, '2014-06-05 22:03:57', 'ENTRADA'),
(1826, 951, 4, '2014-06-05 22:04:01', 'ENTRADA'),
(1827, 357, 4, '2014-06-05 22:04:03', 'ENTRADA'),
(1828, 361, 4, '2014-06-05 22:04:06', 'ENTRADA'),
(1829, 356, 4, '2014-06-05 22:04:08', 'ENTRADA'),
(1830, 468, 4, '2014-06-05 22:04:13', 'ENTRADA'),
(1831, 822, 4, '2014-06-05 22:04:20', 'ENTRADA'),
(1832, 927, 4, '2014-06-05 22:04:25', 'ENTRADA'),
(1833, 859, 4, '2014-06-05 22:04:29', 'ENTRADA'),
(1834, 798, 4, '2014-06-05 22:04:36', 'ENTRADA'),
(1835, 663, 4, '2014-06-05 22:04:53', 'ENTRADA'),
(1836, 701, 4, '2014-06-05 22:04:59', 'ENTRADA'),
(1837, 649, 4, '2014-06-05 22:05:01', 'ENTRADA'),
(1838, 352, 4, '2014-06-05 22:05:04', 'ENTRADA'),
(1839, 476, 4, '2014-06-05 22:05:09', 'ENTRADA'),
(1840, 389, 4, '2014-06-05 22:05:11', 'ENTRADA'),
(1841, 648, 4, '2014-06-05 22:05:32', 'ENTRADA'),
(1842, 430, 4, '2014-06-05 22:05:34', 'ENTRADA'),
(1843, 677, 4, '2014-06-05 22:05:45', 'ENTRADA'),
(1844, 600, 4, '2014-06-05 22:05:57', 'ENTRADA'),
(1845, 687, 4, '2014-06-05 22:06:05', 'ENTRADA'),
(1846, 841, 4, '2014-06-05 22:06:09', 'ENTRADA'),
(1847, 861, 4, '2014-06-05 22:06:11', 'ENTRADA'),
(1848, 723, 4, '2014-06-05 22:06:22', 'ENTRADA'),
(1849, 716, 4, '2014-06-05 22:06:27', 'ENTRADA'),
(1850, 573, 4, '2014-06-05 22:06:34', 'ENTRADA'),
(1851, 360, 4, '2014-06-05 22:06:38', 'ENTRADA'),
(1852, 348, 4, '2014-06-05 22:06:40', 'ENTRADA'),
(1853, 795, 4, '2014-06-05 22:06:48', 'ENTRADA'),
(1854, 311, 4, '2014-06-05 22:06:53', 'ENTRADA'),
(1855, 130, 4, '2014-06-05 22:07:33', 'ENTRADA'),
(1856, 862, 4, '2014-06-05 22:07:36', 'ENTRADA'),
(1857, 868, 4, '2014-06-05 22:07:52', 'ENTRADA'),
(1858, 793, 4, '2014-06-05 22:07:55', 'ENTRADA'),
(1859, 458, 4, '2014-06-05 22:08:40', 'ENTRADA'),
(1860, 439, 4, '2014-06-05 22:08:45', 'ENTRADA'),
(1861, 503, 4, '2014-06-05 22:08:46', 'ENTRADA'),
(1862, 384, 4, '2014-06-05 22:08:51', 'ENTRADA'),
(1863, 913, 4, '2014-06-05 22:09:34', 'ENTRADA'),
(1864, 452, 4, '2014-06-05 22:09:58', 'ENTRADA'),
(1865, 567, 4, '2014-06-05 22:10:07', 'ENTRADA'),
(1866, 831, 4, '2014-06-05 22:10:21', 'ENTRADA'),
(1867, 514, 4, '2014-06-05 22:10:46', 'ENTRADA'),
(1868, 93, 4, '2014-06-05 22:11:00', 'ENTRADA'),
(1869, 97, 4, '2014-06-05 22:11:09', 'ENTRADA'),
(1870, 317, 4, '2014-06-05 22:11:48', 'ENTRADA'),
(1871, 705, 4, '2014-06-05 22:11:52', 'ENTRADA'),
(1872, 842, 4, '2014-06-05 22:12:10', 'ENTRADA'),
(1873, 828, 4, '2014-06-05 22:12:14', 'ENTRADA'),
(1874, 38, 4, '2014-06-05 22:12:28', 'ENTRADA'),
(1875, 820, 4, '2014-06-05 22:13:17', 'ENTRADA'),
(1876, 738, 4, '2014-06-05 22:13:44', 'ENTRADA'),
(1877, 857, 4, '2014-06-05 22:14:17', 'ENTRADA'),
(1878, 486, 4, '2014-06-05 22:14:28', 'ENTRADA'),
(1879, 471, 4, '2014-06-05 22:14:32', 'ENTRADA'),
(1880, 375, 4, '2014-06-05 22:14:37', 'ENTRADA'),
(1881, 380, 4, '2014-06-05 22:14:46', 'ENTRADA'),
(1882, 580, 4, '2014-06-05 22:14:57', 'ENTRADA'),
(1883, 604, 4, '2014-06-05 22:15:01', 'ENTRADA'),
(1884, 91, 4, '2014-06-05 22:15:05', 'ENTRADA'),
(1885, 44, 4, '2014-06-05 22:16:16', 'ENTRADA'),
(1886, 680, 4, '2014-06-05 22:16:29', 'ENTRADA'),
(1887, 445, 4, '2014-06-05 22:16:41', 'ENTRADA'),
(1888, 440, 4, '2014-06-05 22:16:43', 'ENTRADA'),
(1889, 698, 4, '2014-06-05 22:17:04', 'ENTRADA'),
(1890, 693, 4, '2014-06-05 22:17:11', 'ENTRADA'),
(1891, 854, 4, '2014-06-05 22:17:25', 'ENTRADA'),
(1892, 304, 4, '2014-06-05 22:17:39', 'ENTRADA'),
(1893, 455, 4, '2014-06-05 22:17:46', 'ENTRADA'),
(1894, 207, 4, '2014-06-05 22:18:46', 'ENTRADA'),
(1895, 959, 4, '2014-06-05 22:18:55', 'ENTRADA'),
(1896, 684, 4, '2014-06-05 22:19:45', 'ENTRADA'),
(1897, 681, 4, '2014-06-05 22:19:48', 'ENTRADA'),
(1898, 662, 4, '2014-06-05 22:20:53', 'ENTRADA'),
(1899, 37, 4, '2014-06-05 22:23:32', 'ENTRADA'),
(1900, 308, 4, '2014-06-05 22:25:00', 'ENTRADA'),
(1901, 367, 4, '2014-06-05 22:25:18', 'ENTRADA'),
(1902, 208, 4, '2014-06-05 22:26:40', 'ENTRADA'),
(1903, 764, 4, '2014-06-05 22:28:15', 'ENTRADA'),
(1904, 769, 4, '2014-06-05 22:28:40', 'ENTRADA'),
(1905, 449, 4, '2014-06-05 22:31:31', 'ENTRADA'),
(1906, 780, 4, '2014-06-05 22:33:18', 'ENTRADA'),
(1907, 757, 4, '2014-06-05 23:13:46', 'ENTRADA'),
(1908, 768, 4, '2014-06-05 23:13:57', 'ENTRADA'),
(1909, 776, 4, '2014-06-05 23:14:07', 'ENTRADA'),
(1910, 891, 4, '2014-06-05 23:14:14', 'ENTRADA'),
(1911, 244, 4, '2014-06-05 23:14:24', 'ENTRADA'),
(1912, 168, 4, '2014-06-05 23:14:35', 'ENTRADA'),
(1913, 762, 4, '2014-06-05 23:14:51', 'ENTRADA'),
(1914, 112, 4, '2014-06-05 23:15:03', 'ENTRADA'),
(1915, 626, 4, '2014-06-05 23:15:13', 'ENTRADA'),
(1916, 98, 4, '2014-06-05 23:15:28', 'ENTRADA'),
(1917, 253, 4, '2014-06-05 23:15:38', 'ENTRADA'),
(1918, 609, 4, '2014-06-05 23:15:47', 'ENTRADA'),
(1919, 43, 4, '2014-06-05 23:16:19', 'ENTRADA'),
(1920, 759, 4, '2014-06-05 23:16:34', 'ENTRADA'),
(1921, 64, 4, '2014-06-05 23:16:54', 'ENTRADA'),
(1922, 620, 4, '2014-06-05 23:17:03', 'ENTRADA'),
(1923, 436, 4, '2014-06-05 23:17:19', 'ENTRADA'),
(1924, 424, 4, '2014-06-05 23:17:30', 'ENTRADA'),
(1925, 933, 4, '2014-06-05 23:17:40', 'ENTRADA'),
(1926, 366, 4, '2014-06-05 23:17:47', 'ENTRADA'),
(1927, 657, 4, '2014-06-05 23:17:57', 'ENTRADA'),
(1928, 358, 4, '2014-06-05 23:18:06', 'ENTRADA'),
(1929, 872, 4, '2014-06-05 23:18:19', 'ENTRADA'),
(1930, 432, 4, '2014-06-05 23:18:28', 'ENTRADA'),
(1931, 190, 4, '2014-06-05 23:18:36', 'ENTRADA'),
(1932, 878, 4, '2014-06-05 23:18:54', 'ENTRADA'),
(1933, 374, 4, '2014-06-05 23:19:16', 'ENTRADA'),
(1934, 719, 4, '2014-06-05 23:19:25', 'ENTRADA'),
(1935, 887, 4, '2014-06-05 23:19:34', 'ENTRADA'),
(1936, 412, 4, '2014-06-05 23:19:43', 'ENTRADA'),
(1937, 442, 4, '2014-06-05 23:19:53', 'ENTRADA'),
(1938, 811, 4, '2014-06-05 23:20:05', 'ENTRADA'),
(1939, 819, 4, '2014-06-05 23:20:16', 'ENTRADA'),
(1940, 827, 4, '2014-06-05 23:20:24', 'ENTRADA'),
(1941, 815, 4, '2014-06-05 23:20:33', 'ENTRADA'),
(1942, 315, 4, '2014-06-05 23:20:53', 'ENTRADA'),
(1943, 256, 4, '2014-06-05 23:21:12', 'ENTRADA'),
(1944, 220, 4, '2014-06-05 23:21:46', 'ENTRADA'),
(1945, 240, 4, '2014-06-05 23:21:55', 'ENTRADA'),
(1946, 771, 4, '2014-06-05 23:22:06', 'ENTRADA'),
(1947, 309, 4, '2014-06-05 23:22:43', 'ENTRADA'),
(1948, 814, 4, '2014-06-05 23:22:55', 'ENTRADA'),
(1949, 288, 4, '2014-06-05 23:23:10', 'ENTRADA'),
(1950, 605, 4, '2014-06-05 23:23:51', 'ENTRADA'),
(1951, 787, 4, '2014-06-05 23:24:01', 'ENTRADA'),
(1952, 252, 4, '2014-06-05 23:24:11', 'ENTRADA'),
(1953, 865, 4, '2014-06-05 23:24:26', 'ENTRADA'),
(1954, 427, 4, '2014-06-05 23:24:35', 'ENTRADA'),
(1955, 420, 4, '2014-06-05 23:24:44', 'ENTRADA'),
(1956, 638, 4, '2014-06-05 23:24:50', 'ENTRADA'),
(1957, 422, 4, '2014-06-05 23:25:00', 'ENTRADA'),
(1958, 630, 4, '2014-06-05 23:25:22', 'ENTRADA'),
(1959, 616, 4, '2014-06-05 23:25:47', 'ENTRADA'),
(1960, 915, 4, '2014-06-05 23:25:55', 'ENTRADA'),
(1961, 460, 4, '2014-06-05 23:26:07', 'ENTRADA'),
(1962, 910, 4, '2014-06-05 23:26:15', 'ENTRADA'),
(1963, 47, 4, '2014-06-05 23:26:36', 'ENTRADA'),
(1964, 668, 4, '2014-06-05 23:26:40', 'ENTRADA'),
(1965, 431, 4, '2014-06-05 23:26:48', 'ENTRADA'),
(1966, 453, 4, '2014-06-05 23:26:56', 'ENTRADA'),
(1967, 840, 4, '2014-06-05 23:27:06', 'ENTRADA'),
(1968, 821, 4, '2014-06-05 23:27:14', 'ENTRADA'),
(1969, 921, 4, '2014-06-05 23:28:20', 'ENTRADA'),
(1970, 312, 4, '2014-06-05 23:28:59', 'ENTRADA'),
(1971, 621, 4, '2014-06-05 23:29:20', 'ENTRADA'),
(1972, 774, 4, '2014-06-05 23:29:36', 'ENTRADA'),
(1973, 183, 4, '2014-06-05 23:29:55', 'ENTRADA'),
(1974, 212, 4, '2014-06-05 23:30:11', 'ENTRADA'),
(1975, 670, 4, '2014-06-05 23:30:27', 'ENTRADA'),
(1976, 247, 4, '2014-06-05 23:30:44', 'ENTRADA'),
(1977, 246, 4, '2014-06-05 23:31:05', 'ENTRADA'),
(1978, 30, 4, '2014-06-05 23:31:31', 'ENTRADA'),
(1979, 31, 4, '2014-06-05 23:31:46', 'ENTRADA'),
(1980, 708, 4, '2014-06-05 23:32:03', 'ENTRADA'),
(1981, 376, 4, '2014-06-05 23:32:15', 'ENTRADA'),
(1982, 57, 4, '2014-06-05 23:32:35', 'ENTRADA'),
(1983, 195, 4, '2014-06-05 23:32:49', 'ENTRADA'),
(1984, 930, 4, '2014-06-05 23:33:03', 'ENTRADA'),
(1985, 199, 4, '2014-06-05 23:33:27', 'ENTRADA'),
(1986, 138, 4, '2014-06-05 23:33:42', 'ENTRADA'),
(1987, 118, 4, '2014-06-05 23:33:55', 'ENTRADA'),
(1988, 299, 4, '2014-06-05 23:34:11', 'ENTRADA'),
(1989, 131, 4, '2014-06-05 23:34:39', 'ENTRADA'),
(1990, 198, 4, '2014-06-05 23:34:50', 'ENTRADA'),
(1991, 749, 4, '2014-06-05 23:35:03', 'ENTRADA'),
(1992, 203, 4, '2014-06-05 23:35:20', 'ENTRADA'),
(1993, 672, 4, '2014-06-05 23:35:41', 'ENTRADA'),
(1994, 79, 4, '2014-06-05 23:36:08', 'ENTRADA'),
(1995, 763, 4, '2014-06-05 23:36:22', 'ENTRADA'),
(1996, 255, 5, '2014-06-13 13:26:45', 'ENTRADA'),
(1997, 214, 5, '2014-06-06 13:31:07', 'ENTRADA'),
(1998, 209, 5, '2014-06-06 13:31:20', 'ENTRADA'),
(1999, 213, 5, '2014-06-06 13:31:29', 'ENTRADA'),
(2000, 217, 5, '2014-06-06 13:31:39', 'ENTRADA'),
(2001, 677, 5, '2014-06-06 13:40:06', 'ENTRADA'),
(2002, 445, 5, '2014-06-06 13:40:19', 'ENTRADA'),
(2003, 440, 5, '2014-06-06 13:40:36', 'ENTRADA'),
(2004, 375, 5, '2014-06-06 13:41:00', 'ENTRADA'),
(2005, 384, 5, '2014-06-06 13:42:00', 'ENTRADA'),
(2006, 376, 5, '2014-06-13 13:41:18', 'ENTRADA'),
(2007, 388, 5, '2014-06-06 13:42:11', 'ENTRADA'),
(2008, 368, 5, '2014-06-06 13:42:21', 'ENTRADA'),
(2009, 383, 5, '2014-06-13 13:41:49', 'ENTRADA'),
(2010, 365, 5, '2014-06-13 13:42:12', 'ENTRADA'),
(2011, 389, 5, '2014-06-06 13:44:07', 'ENTRADA'),
(2012, 916, 5, '2014-06-13 13:43:28', 'ENTRADA'),
(2013, 447, 5, '2014-06-13 13:49:45', 'ENTRADA'),
(2014, 454, 5, '2014-06-06 13:50:40', 'ENTRADA'),
(2015, 785, 5, '2014-06-06 13:51:59', 'ENTRADA'),
(2016, 952, 5, '2014-06-13 13:52:10', 'ENTRADA'),
(2017, 452, 5, '2014-06-06 13:53:47', 'ENTRADA'),
(2018, 940, 5, '2014-06-06 13:53:58', 'ENTRADA'),
(2019, 578, 5, '2014-06-06 13:54:13', 'ENTRADA'),
(2020, 822, 5, '2014-06-13 13:53:34', 'ENTRADA'),
(2021, 224, 5, '2014-06-06 13:54:33', 'ENTRADA'),
(2022, 470, 5, '2014-06-13 13:53:52', 'ENTRADA'),
(2023, 225, 5, '2014-06-06 13:54:40', 'ENTRADA'),
(2024, 759, 5, '2014-06-13 13:54:01', 'ENTRADA'),
(2025, 582, 5, '2014-06-06 13:54:56', 'ENTRADA'),
(2026, 367, 5, '2014-06-13 13:56:26', 'ENTRADA'),
(2027, 190, 5, '2014-06-06 13:59:10', 'ENTRADA'),
(2028, 314, 5, '2014-06-06 14:00:28', 'ENTRADA'),
(2029, 556, 5, '2014-06-13 14:00:23', 'ENTRADA'),
(2030, 387, 5, '2014-06-06 14:02:12', 'ENTRADA'),
(2031, 381, 5, '2014-06-06 14:02:22', 'ENTRADA'),
(2032, 366, 5, '2014-06-06 14:02:31', 'ENTRADA'),
(2033, 238, 5, '2014-06-13 14:01:44', 'ENTRADA'),
(2034, 219, 5, '2014-06-13 14:01:53', 'ENTRADA'),
(2035, 378, 5, '2014-06-06 14:02:44', 'ENTRADA'),
(2036, 242, 5, '2014-06-06 14:02:51', 'ENTRADA'),
(2037, 245, 5, '2014-06-06 14:02:59', 'ENTRADA'),
(2038, 254, 5, '2014-06-06 14:03:05', 'ENTRADA'),
(2039, 575, 5, '2014-06-13 14:02:23', 'ENTRADA'),
(2040, 568, 5, '2014-06-06 14:03:14', 'ENTRADA'),
(2041, 208, 5, '2014-06-13 14:02:39', 'ENTRADA'),
(2042, 374, 5, '2014-06-06 14:03:33', 'ENTRADA'),
(2043, 424, 5, '2014-06-06 14:05:08', 'ENTRADA'),
(2044, 687, 5, '2014-06-13 14:04:58', 'ENTRADA'),
(2045, 694, 5, '2014-06-06 14:05:57', 'ENTRADA'),
(2046, 57, 5, '2014-06-06 14:08:09', 'ENTRADA'),
(2047, 256, 5, '2014-06-06 14:09:22', 'ENTRADA'),
(2048, 200, 5, '2014-06-06 14:09:41', 'ENTRADA'),
(2049, 196, 5, '2014-06-13 14:08:55', 'ENTRADA'),
(2050, 961, 5, '2014-06-13 14:09:30', 'ENTRADA'),
(2051, 390, 5, '2014-06-06 14:10:24', 'ENTRADA'),
(2052, 377, 5, '2014-06-13 14:09:44', 'ENTRADA'),
(2053, 762, 5, '2014-06-13 14:10:06', 'ENTRADA'),
(2054, 442, 5, '2014-06-06 14:10:53', 'ENTRADA'),
(2055, 780, 5, '2014-06-13 14:10:21', 'ENTRADA'),
(2056, 514, 5, '2014-06-13 14:11:05', 'ENTRADA'),
(2057, 495, 5, '2014-06-13 14:11:54', 'ENTRADA'),
(2058, 502, 5, '2014-06-13 14:12:03', 'ENTRADA'),
(2059, 508, 5, '2014-06-13 14:12:09', 'ENTRADA'),
(2060, 534, 5, '2014-06-13 14:12:19', 'ENTRADA'),
(2061, 941, 5, '2014-06-06 14:13:17', 'ENTRADA'),
(2062, 525, 5, '2014-06-13 14:12:43', 'ENTRADA'),
(2063, 50, 5, '2014-06-06 14:14:49', 'ENTRADA'),
(2064, 678, 5, '2014-06-06 14:15:51', 'ENTRADA'),
(2065, 503, 5, '2014-06-13 14:15:33', 'ENTRADA'),
(2066, 492, 5, '2014-06-13 14:15:42', 'ENTRADA'),
(2067, 251, 5, '2014-06-13 14:15:53', 'ENTRADA'),
(2068, 529, 5, '2014-06-06 14:16:45', 'ENTRADA'),
(2069, 246, 5, '2014-06-06 14:16:57', 'ENTRADA'),
(2070, 236, 5, '2014-06-13 14:16:12', 'ENTRADA'),
(2071, 239, 5, '2014-06-06 14:17:07', 'ENTRADA'),
(2072, 896, 5, '2014-06-13 14:16:20', 'ENTRADA'),
(2073, 235, 5, '2014-06-06 14:17:18', 'ENTRADA'),
(2074, 469, 5, '2014-06-13 14:16:34', 'ENTRADA'),
(2075, 610, 5, '2014-06-13 14:16:43', 'ENTRADA'),
(2076, 201, 5, '2014-06-13 14:17:01', 'ENTRADA'),
(2077, 206, 5, '2014-06-06 14:17:56', 'ENTRADA'),
(2078, 189, 5, '2014-06-13 14:17:10', 'ENTRADA'),
(2079, 408, 5, '2014-06-13 14:17:20', 'ENTRADA'),
(2080, 234, 5, '2014-06-06 14:18:08', 'ENTRADA'),
(2081, 243, 5, '2014-06-06 14:18:16', 'ENTRADA'),
(2082, 428, 5, '2014-06-13 14:17:29', 'ENTRADA'),
(2083, 197, 5, '2014-06-06 14:18:26', 'ENTRADA'),
(2084, 754, 5, '2014-06-13 14:17:41', 'ENTRADA'),
(2085, 183, 5, '2014-06-06 14:18:35', 'ENTRADA'),
(2086, 391, 5, '2014-06-13 14:17:55', 'ENTRADA'),
(2087, 691, 5, '2014-06-06 14:19:23', 'ENTRADA'),
(2088, 700, 5, '2014-06-13 14:18:37', 'ENTRADA'),
(2089, 431, 5, '2014-06-06 14:19:47', 'ENTRADA'),
(2090, 498, 5, '2014-06-13 14:21:01', 'ENTRADA'),
(2091, 674, 5, '2014-06-13 14:22:50', 'ENTRADA'),
(2092, 663, 5, '2014-06-06 14:23:51', 'ENTRADA'),
(2093, 666, 5, '2014-06-13 14:23:06', 'ENTRADA'),
(2094, 709, 5, '2014-06-13 14:23:26', 'ENTRADA'),
(2095, 704, 5, '2014-06-13 14:23:35', 'ENTRADA'),
(2096, 54, 5, '2014-06-13 14:23:42', 'ENTRADA'),
(2097, 683, 5, '2014-06-06 14:24:49', 'ENTRADA'),
(2098, 685, 5, '2014-06-06 14:25:00', 'ENTRADA'),
(2099, 505, 5, '2014-06-13 14:24:25', 'ENTRADA'),
(2100, 45, 5, '2014-06-06 14:25:44', 'ENTRADA'),
(2101, 701, 5, '2014-06-13 14:25:11', 'ENTRADA'),
(2102, 708, 5, '2014-06-13 14:25:19', 'ENTRADA'),
(2103, 696, 5, '2014-06-06 14:26:06', 'ENTRADA'),
(2104, 203, 5, '2014-06-13 14:25:31', 'ENTRADA'),
(2105, 192, 5, '2014-06-13 14:25:39', 'ENTRADA'),
(2106, 204, 5, '2014-06-13 14:25:52', 'ENTRADA'),
(2107, 493, 5, '2014-06-13 14:26:39', 'ENTRADA'),
(2108, 315, 5, '2014-06-06 14:27:41', 'ENTRADA');
INSERT INTO `control` (`id`, `estudiante_id`, `evento_id`, `fechahora`, `tipo`) VALUES
(2109, 960, 5, '2014-06-13 14:28:22', 'ENTRADA'),
(2110, 28, 5, '2014-06-13 14:29:39', 'ENTRADA'),
(2111, 30, 5, '2014-06-06 14:30:30', 'ENTRADA'),
(2112, 55, 5, '2014-06-13 14:29:50', 'ENTRADA'),
(2113, 31, 5, '2014-06-06 14:30:38', 'ENTRADA'),
(2114, 64, 5, '2014-06-13 14:29:58', 'ENTRADA'),
(2115, 60, 5, '2014-06-13 14:30:07', 'ENTRADA'),
(2116, 49, 5, '2014-06-06 14:31:03', 'ENTRADA'),
(2117, 43, 5, '2014-06-06 14:31:21', 'ENTRADA'),
(2118, 948, 5, '2014-06-13 14:30:52', 'ENTRADA'),
(2119, 955, 5, '2014-06-06 14:31:40', 'ENTRADA'),
(2120, 9, 5, '2014-06-06 14:32:25', 'ENTRADA'),
(2121, 38, 5, '2014-06-13 14:32:35', 'ENTRADA'),
(2122, 58, 5, '2014-06-13 14:32:48', 'ENTRADA'),
(2123, 222, 5, '2014-06-13 14:33:00', 'ENTRADA'),
(2124, 312, 5, '2014-06-06 14:33:54', 'ENTRADA'),
(2125, 62, 5, '2014-06-13 14:33:10', 'ENTRADA'),
(2126, 520, 5, '2014-06-13 14:33:27', 'ENTRADA'),
(2127, 309, 5, '2014-06-13 14:34:47', 'ENTRADA'),
(2128, 951, 5, '2014-06-06 14:40:55', 'ENTRADA'),
(2129, 39, 5, '2014-06-13 14:40:19', 'ENTRADA'),
(2130, 244, 5, '2014-06-13 14:41:42', 'ENTRADA'),
(2131, 237, 5, '2014-06-13 14:41:52', 'ENTRADA'),
(2132, 53, 5, '2014-06-13 14:42:47', 'ENTRADA'),
(2133, 25, 5, '2014-06-13 14:43:54', 'ENTRADA'),
(2134, 27, 5, '2014-06-13 14:44:01', 'ENTRADA'),
(2135, 292, 5, '2014-06-06 14:44:53', 'ENTRADA'),
(2136, 511, 5, '2014-06-13 14:44:18', 'ENTRADA'),
(2137, 318, 5, '2014-06-06 14:45:08', 'ENTRADA'),
(2138, 497, 5, '2014-06-13 14:44:25', 'ENTRADA'),
(2139, 496, 5, '2014-06-13 14:44:37', 'ENTRADA'),
(2140, 513, 5, '2014-06-13 14:44:43', 'ENTRADA'),
(2141, 509, 5, '2014-06-13 14:44:53', 'ENTRADA'),
(2142, 259, 5, '2014-06-06 14:45:50', 'ENTRADA'),
(2143, 10, 5, '2014-06-13 14:45:27', 'ENTRADA'),
(2144, 23, 5, '2014-06-06 14:46:29', 'ENTRADA'),
(2145, 506, 5, '2014-06-13 14:45:51', 'ENTRADA'),
(2146, 13, 5, '2014-06-13 14:46:33', 'ENTRADA'),
(2147, 26, 5, '2014-06-06 14:47:23', 'ENTRADA'),
(2148, 35, 5, '2014-06-06 14:47:36', 'ENTRADA'),
(2149, 475, 5, '2014-06-06 14:49:56', 'ENTRADA'),
(2150, 290, 4, '2014-06-26 18:10:23', 'ENTRADA'),
(2151, 378, 4, '2014-06-26 18:10:39', 'ENTRADA'),
(2152, 409, 4, '2014-06-26 18:10:50', 'ENTRADA'),
(2153, 631, 4, '2014-06-26 18:11:02', 'ENTRADA'),
(2154, 622, 4, '2014-06-26 18:11:13', 'ENTRADA'),
(2155, 746, 4, '2014-06-26 18:11:26', 'ENTRADA'),
(2156, 651, 4, '2014-06-26 18:11:36', 'ENTRADA'),
(2157, 803, 4, '2014-06-26 18:11:46', 'ENTRADA'),
(2158, 71, 4, '2014-06-26 18:11:58', 'ENTRADA'),
(2159, 629, 4, '2014-06-26 18:12:09', 'ENTRADA'),
(2160, 236, 4, '2014-06-26 18:12:19', 'ENTRADA'),
(2161, 159, 4, '2014-06-26 18:12:29', 'ENTRADA'),
(2162, 702, 4, '2014-06-26 18:12:41', 'ENTRADA'),
(2163, 686, 4, '2014-06-26 18:13:18', 'ENTRADA'),
(2164, 635, 4, '2014-06-26 18:13:34', 'ENTRADA'),
(2165, 867, 4, '2014-06-26 18:13:48', 'ENTRADA'),
(2166, 871, 4, '2014-06-26 18:13:59', 'ENTRADA'),
(2167, 691, 4, '2014-06-26 18:14:09', 'ENTRADA'),
(2168, 818, 4, '2014-06-26 18:14:23', 'ENTRADA'),
(2169, 286, 4, '2014-06-26 18:14:33', 'ENTRADA'),
(2170, 359, 4, '2014-06-26 18:14:45', 'ENTRADA'),
(2171, 658, 4, '2014-06-26 18:15:03', 'ENTRADA'),
(2172, 617, 4, '2014-06-26 18:15:13', 'ENTRADA'),
(2173, 133, 4, '2014-06-26 18:15:24', 'ENTRADA'),
(2174, 171, 4, '2014-06-26 18:15:35', 'ENTRADA'),
(2175, 377, 4, '2014-06-26 18:15:47', 'ENTRADA'),
(2176, 904, 4, '2014-06-26 18:15:59', 'ENTRADA'),
(2177, 906, 4, '2014-06-26 18:16:11', 'ENTRADA'),
(2178, 146, 4, '2014-06-26 18:16:23', 'ENTRADA'),
(2179, 84, 4, '2014-06-26 18:16:34', 'ENTRADA'),
(2180, 94, 4, '2014-06-26 18:16:48', 'ENTRADA'),
(2181, 709, 4, '2014-06-26 18:17:18', 'ENTRADA'),
(2182, 864, 4, '2014-06-26 18:17:32', 'ENTRADA'),
(2183, 9, 4, '2014-06-26 18:19:40', 'ENTRADA'),
(2184, 897, 4, '2014-06-26 18:20:06', 'ENTRADA'),
(2185, 740, 4, '2014-06-26 18:20:19', 'ENTRADA'),
(2186, 12, 4, '2014-06-26 18:20:37', 'ENTRADA'),
(2187, 144, 4, '2014-06-26 18:21:41', 'ENTRADA'),
(2188, 242, 4, '2014-06-26 18:21:53', 'ENTRADA'),
(2189, 788, 4, '2014-06-26 18:22:06', 'ENTRADA'),
(2190, 893, 4, '2014-06-26 18:22:21', 'ENTRADA'),
(2191, 386, 4, '2014-06-26 18:22:39', 'ENTRADA'),
(2192, 850, 4, '2014-06-26 18:22:55', 'ENTRADA'),
(2193, 7, 4, '2014-06-26 18:23:04', 'ENTRADA'),
(2194, 186, 4, '2014-06-26 18:23:17', 'ENTRADA'),
(2195, 685, 4, '2014-06-26 18:23:36', 'ENTRADA'),
(2196, 444, 4, '2014-06-26 18:23:48', 'ENTRADA'),
(2197, 437, 4, '2014-06-26 18:24:05', 'ENTRADA'),
(2198, 928, 4, '2014-06-26 18:24:18', 'ENTRADA'),
(2199, 712, 4, '2014-06-26 18:24:27', 'ENTRADA'),
(2200, 173, 4, '2014-06-26 18:24:39', 'ENTRADA'),
(2201, 72, 4, '2014-06-26 18:24:50', 'ENTRADA'),
(2202, 76, 4, '2014-06-26 18:25:04', 'ENTRADA'),
(2203, 75, 4, '2014-06-26 18:25:13', 'ENTRADA'),
(2204, 855, 4, '2014-06-26 18:25:23', 'ENTRADA'),
(2205, 297, 4, '2014-06-26 18:25:31', 'ENTRADA'),
(2206, 733, 4, '2014-06-26 18:25:46', 'ENTRADA'),
(2207, 608, 4, '2014-06-26 18:25:55', 'ENTRADA'),
(2208, 11, 4, '2014-06-26 18:26:08', 'ENTRADA'),
(2209, 90, 4, '2014-06-26 18:26:23', 'ENTRADA'),
(2210, 744, 4, '2014-06-26 18:26:37', 'ENTRADA'),
(2211, 454, 4, '2014-06-26 18:27:04', 'ENTRADA'),
(2212, 939, 4, '2014-06-26 18:27:20', 'ENTRADA'),
(2213, 875, 4, '2014-06-26 18:27:34', 'ENTRADA'),
(2214, 908, 4, '2014-06-26 18:27:45', 'ENTRADA'),
(2215, 869, 4, '2014-06-26 18:28:02', 'ENTRADA'),
(2216, 731, 4, '2014-06-26 18:28:14', 'ENTRADA'),
(2217, 839, 4, '2014-06-26 18:28:26', 'ENTRADA'),
(2218, 456, 4, '2014-06-26 18:28:37', 'ENTRADA'),
(2219, 134, 4, '2014-06-26 18:28:46', 'ENTRADA'),
(2220, 612, 4, '2014-06-26 18:28:57', 'ENTRADA'),
(2221, 606, 4, '2014-06-26 18:29:20', 'ENTRADA'),
(2222, 639, 4, '2014-06-26 18:29:31', 'ENTRADA'),
(2223, 607, 4, '2014-06-26 18:30:15', 'ENTRADA'),
(2224, 907, 4, '2014-06-26 18:30:26', 'ENTRADA'),
(2225, 816, 4, '2014-06-26 18:30:58', 'ENTRADA'),
(2226, 912, 4, '2014-06-26 18:31:09', 'ENTRADA'),
(2227, 669, 4, '2014-06-26 18:31:25', 'ENTRADA'),
(2228, 812, 4, '2014-06-26 18:31:37', 'ENTRADA'),
(2229, 457, 4, '2014-06-26 18:31:47', 'ENTRADA'),
(2230, 469, 4, '2014-06-26 18:31:55', 'ENTRADA'),
(2231, 848, 4, '2014-06-26 18:32:06', 'ENTRADA'),
(2232, 237, 4, '2014-06-26 18:32:14', 'ENTRADA'),
(2233, 833, 4, '2014-06-26 18:32:24', 'ENTRADA'),
(2234, 846, 4, '2014-06-26 18:32:33', 'ENTRADA'),
(2235, 727, 4, '2014-06-26 18:32:45', 'ENTRADA'),
(2236, 39, 4, '2014-06-26 18:32:56', 'ENTRADA'),
(2237, 382, 4, '2014-06-26 18:33:06', 'ENTRADA'),
(2238, 232, 4, '2014-06-26 18:33:16', 'ENTRADA'),
(2239, 245, 4, '2014-06-26 18:33:24', 'ENTRADA'),
(2240, 826, 4, '2014-06-26 18:34:40', 'ENTRADA'),
(2241, 717, 4, '2014-06-26 18:34:49', 'ENTRADA'),
(2242, 33, 4, '2014-06-26 18:35:03', 'ENTRADA'),
(2243, 689, 4, '2014-06-26 18:35:19', 'ENTRADA'),
(2244, 464, 4, '2014-06-26 18:35:28', 'ENTRADA'),
(2245, 950, 4, '2014-06-26 18:35:39', 'ENTRADA'),
(2246, 732, 4, '2014-06-26 18:35:51', 'ENTRADA'),
(2247, 881, 4, '2014-06-26 18:36:02', 'ENTRADA'),
(2248, 937, 4, '2014-06-26 18:36:24', 'ENTRADA'),
(2249, 179, 4, '2014-06-26 18:36:34', 'ENTRADA'),
(2250, 49, 4, '2014-06-26 18:36:47', 'ENTRADA'),
(2251, 160, 4, '2014-06-26 18:36:58', 'ENTRADA'),
(2252, 404, 4, '2014-06-26 18:37:11', 'ENTRADA'),
(2253, 137, 4, '2014-06-26 18:37:22', 'ENTRADA'),
(2254, 923, 4, '2014-06-26 18:37:32', 'ENTRADA'),
(2255, 903, 4, '2014-06-26 18:37:47', 'ENTRADA'),
(2256, 74, 4, '2014-06-26 18:38:33', 'ENTRADA'),
(2257, 85, 4, '2014-06-26 18:38:46', 'ENTRADA'),
(2258, 443, 4, '2014-06-26 18:39:06', 'ENTRADA'),
(2259, 674, 4, '2014-06-26 18:39:16', 'ENTRADA'),
(2260, 153, 4, '2014-06-26 18:39:30', 'ENTRADA'),
(2261, 178, 4, '2014-06-26 18:39:48', 'ENTRADA'),
(2262, 498, 4, '2014-06-26 18:39:58', 'ENTRADA'),
(2263, 505, 4, '2014-06-26 18:40:09', 'ENTRADA'),
(2264, 852, 4, '2014-06-26 18:40:21', 'ENTRADA'),
(2265, 613, 4, '2014-06-26 18:40:31', 'ENTRADA'),
(2266, 640, 4, '2014-06-26 18:40:43', 'ENTRADA'),
(2267, 838, 4, '2014-06-26 18:40:53', 'ENTRADA'),
(2268, 879, 4, '2014-06-26 18:41:04', 'ENTRADA'),
(2269, 102, 4, '2014-06-26 18:41:14', 'ENTRADA'),
(2270, 690, 4, '2014-06-26 18:41:28', 'ENTRADA'),
(2271, 625, 4, '2014-06-26 18:42:19', 'ENTRADA'),
(2272, 934, 4, '2014-06-26 18:42:28', 'ENTRADA'),
(2273, 725, 4, '2014-06-26 18:42:35', 'ENTRADA'),
(2274, 508, 4, '2014-06-26 18:42:54', 'ENTRADA'),
(2275, 785, 4, '2014-06-26 18:43:08', 'ENTRADA'),
(2276, 809, 4, '2014-06-26 18:43:19', 'ENTRADA'),
(2277, 511, 4, '2014-06-26 18:43:28', 'ENTRADA'),
(2278, 163, 4, '2014-06-26 18:43:36', 'ENTRADA'),
(2279, 174, 4, '2014-06-26 18:43:52', 'ENTRADA'),
(2280, 699, 4, '2014-06-26 18:44:03', 'ENTRADA'),
(2281, 388, 4, '2014-06-26 18:44:50', 'ENTRADA'),
(2282, 683, 4, '2014-06-26 18:45:01', 'ENTRADA'),
(2283, 8, 4, '2014-06-26 18:45:13', 'ENTRADA'),
(2284, 726, 4, '2014-06-26 18:45:26', 'ENTRADA'),
(2285, 794, 4, '2014-06-26 18:45:44', 'ENTRADA'),
(2286, 92, 4, '2014-06-26 18:45:57', 'ENTRADA'),
(2287, 644, 4, '2014-06-26 18:46:09', 'ENTRADA'),
(2288, 63, 4, '2014-06-26 18:46:22', 'ENTRADA'),
(2289, 42, 4, '2014-06-26 18:46:37', 'ENTRADA'),
(2290, 463, 4, '2014-06-26 18:46:49', 'ENTRADA'),
(2291, 730, 4, '2014-06-26 18:47:04', 'ENTRADA'),
(2292, 255, 4, '2014-06-26 18:47:15', 'ENTRADA'),
(2293, 170, 4, '2014-06-26 18:47:46', 'ENTRADA'),
(2294, 944, 4, '2014-06-26 18:47:56', 'ENTRADA'),
(2295, 696, 4, '2014-06-26 18:48:06', 'ENTRADA'),
(2296, 825, 4, '2014-06-26 18:48:16', 'ENTRADA'),
(2297, 477, 4, '2014-06-26 18:48:25', 'ENTRADA'),
(2298, 234, 4, '2014-06-26 18:48:40', 'ENTRADA'),
(2299, 853, 4, '2014-06-26 18:48:48', 'ENTRADA'),
(2300, 931, 4, '2014-06-26 18:48:56', 'ENTRADA'),
(2301, 239, 4, '2014-06-26 18:49:31', 'ENTRADA'),
(2302, 569, 4, '2014-06-26 18:49:41', 'ENTRADA'),
(2303, 866, 4, '2014-06-26 18:49:50', 'ENTRADA'),
(2304, 114, 4, '2014-06-26 18:50:00', 'ENTRADA'),
(2305, 940, 4, '2014-06-26 18:50:08', 'ENTRADA'),
(2306, 45, 4, '2014-06-26 18:50:18', 'ENTRADA'),
(2307, 628, 4, '2014-06-26 18:50:27', 'ENTRADA'),
(2308, 920, 4, '2014-06-26 18:50:38', 'ENTRADA'),
(2309, 823, 4, '2014-06-26 18:50:49', 'ENTRADA'),
(2310, 829, 4, '2014-06-26 18:51:02', 'ENTRADA'),
(2311, 870, 4, '2014-06-26 18:51:11', 'ENTRADA'),
(2312, 884, 4, '2014-06-26 18:51:21', 'ENTRADA'),
(2313, 742, 4, '2014-06-26 18:51:35', 'ENTRADA'),
(2314, 724, 4, '2014-06-26 18:51:45', 'ENTRADA'),
(2315, 883, 4, '2014-06-26 18:52:06', 'ENTRADA'),
(2316, 882, 4, '2014-06-26 18:52:16', 'ENTRADA'),
(2317, 932, 4, '2014-06-26 18:52:24', 'ENTRADA'),
(2318, 917, 4, '2014-06-26 18:52:39', 'ENTRADA'),
(2319, 213, 4, '2014-06-26 18:52:50', 'ENTRADA'),
(2320, 880, 4, '2014-06-26 18:53:00', 'ENTRADA'),
(2321, 466, 4, '2014-06-26 18:53:12', 'ENTRADA'),
(2322, 504, 4, '2014-06-26 18:53:23', 'ENTRADA'),
(2323, 808, 4, '2014-06-26 18:53:33', 'ENTRADA'),
(2324, 470, 4, '2014-06-26 18:53:42', 'ENTRADA'),
(2325, 119, 4, '2014-06-26 18:53:53', 'ENTRADA'),
(2326, 100, 4, '2014-06-26 18:54:02', 'ENTRADA'),
(2327, 127, 4, '2014-06-26 18:54:12', 'ENTRADA'),
(2328, 728, 4, '2014-06-26 18:54:27', 'ENTRADA'),
(2329, 715, 4, '2014-06-26 18:54:36', 'ENTRADA'),
(2330, 158, 4, '2014-06-26 18:55:24', 'ENTRADA'),
(2331, 835, 4, '2014-06-26 18:55:35', 'ENTRADA'),
(2332, 251, 4, '2014-06-26 18:55:47', 'ENTRADA'),
(2333, 492, 4, '2014-06-26 18:55:55', 'ENTRADA'),
(2334, 925, 4, '2014-06-26 18:56:12', 'ENTRADA'),
(2335, 700, 4, '2014-06-26 18:57:07', 'ENTRADA');

-- --------------------------------------------------------

--
-- Estructura de tabla para la tabla `estudiante`
--

CREATE TABLE IF NOT EXISTS `estudiante` (
  `id` int(11) NOT NULL AUTO_INCREMENT,
  `codigo` varchar(255) DEFAULT NULL,
  `nombre` varchar(255) DEFAULT NULL,
  `carrera` varchar(255) DEFAULT NULL,
  `carrerafull` varchar(255) DEFAULT NULL,
  `ciclo` varchar(11) DEFAULT NULL,
  `grupo` varchar(255) DEFAULT NULL,
  PRIMARY KEY (`id`)
) ENGINE=InnoDB  DEFAULT CHARSET=latin1 AUTO_INCREMENT=966 ;

--
-- Volcado de datos para la tabla `estudiante`
--

INSERT INTO `estudiante` (`id`, `codigo`, `nombre`, `carrera`, `carrerafull`, `ciclo`, `grupo`) VALUES
(1, '200921294', 'Cayllahua Limache Carmen', 'Adm.', 'Administración', '3', 'X'),
(2, '200511320', 'Arce Miranda Dennys Mervin', 'Adm.', 'Administración', '6', 'X'),
(3, '200921270', 'Acero Mamani Karen Sashira', 'Adm.', 'Administración', '8', 'X'),
(4, '200921286', 'Cañazaca Justo Maritza', 'Adm.', 'Administración', '8', 'X'),
(5, '200720454', 'Machaca Adco Hilario Eloy', 'Adm.', 'Administración', '8', 'X'),
(6, '201420987', 'Calderon Condori Frany Beth', 'Adm. Neg. Int', 'Administración y Negocios Internacionales', '1', '1'),
(7, '201323167', 'Calsina Condori Yessi Edith', 'Adm. Neg. Int', 'Administración y Negocios Internacionales', '1', '1'),
(8, '201410482', 'Castro Quispe Marivel', 'Adm. Neg. Int', 'Administración y Negocios Internacionales', '1', '1'),
(9, '201410475', 'Ccama Sacsi Ernesto', 'Adm. Neg. Int', 'Administración y Negocios Internacionales', '1', '1'),
(10, '201310607', 'Chambi Larico Gina', 'Adm. Neg. Int', 'Administración y Negocios Internacionales', '1', '1'),
(11, '201410480', 'Checani Mamani Julio César', 'Adm. Neg. Int', 'Administración y Negocios Internacionales', '1', '1'),
(12, '201420921', 'Chino Blanco Michael Enrique', 'Adm. Neg. Int', 'Administración y Negocios Internacionales', '1', '1'),
(13, '201410466', 'Choquepata Luicho Elibet Maida', 'Adm. Neg. Int', 'Administración y Negocios Internacionales', '1', '1'),
(14, '201410658', 'Coaquira Catunta Zenaida Magaly', 'Adm. Neg. Int', 'Administración y Negocios Internacionales', '1', '1'),
(15, '201420979', 'Cornejo Mamani Geordy  Brayam', 'Adm. Neg. Int', 'Administración y Negocios Internacionales', '1', '1'),
(16, '201420936', 'Flores Escobar Leydi  Xiomara', 'Adm. Neg. Int', 'Administración y Negocios Internacionales', '1', '1'),
(17, '201410484', 'Flores Valencia Gianella Rocio', 'Adm. Neg. Int', 'Administración y Negocios Internacionales', '1', '1'),
(18, '201110114', 'Huancapaza Mamani Melania', 'Adm. Neg. Int', 'Administración y Negocios Internacionales', '1', '1'),
(19, '201321221', 'Larico Ticona Wilson Luis', 'Adm. Neg. Int', 'Administración y Negocios Internacionales', '1', '1'),
(20, '201420916', 'Mallqui Medina Angie Ninfa', 'Adm. Neg. Int', 'Administración y Negocios Internacionales', '1', '1'),
(21, '201420934', 'Mamani Estrada Madeleyne', 'Adm. Neg. Int', 'Administración y Negocios Internacionales', '1', '1'),
(22, '201410491', 'Mamani Quispe Cristiam Diams', 'Adm. Neg. Int', 'Administración y Negocios Internacionales', '1', '1'),
(23, '201420937', 'Mamani Rodriguez Maribel', 'Adm. Neg. Int', 'Administración y Negocios Internacionales', '1', '1'),
(24, '201220935', 'Mamani Saavedra David', 'Adm. Neg. Int', 'Administración y Negocios Internacionales', '1', '1'),
(25, '201410476', 'Morocco Pumahuanca Armando', 'Adm. Neg. Int', 'Administración y Negocios Internacionales', '1', '1'),
(26, '201410467', 'Paja Quispe Roxana', 'Adm. Neg. Int', 'Administración y Negocios Internacionales', '1', '1'),
(27, '201410479', 'Quino Apaza Gilberto', 'Adm. Neg. Int', 'Administración y Negocios Internacionales', '1', '1'),
(28, '201323177', 'Quispe Flores Max Cristian', 'Adm. Neg. Int', 'Administración y Negocios Internacionales', '1', '1'),
(29, '201420980', 'Quispe Vilca Wendy Zomalia', 'Adm. Neg. Int', 'Administración y Negocios Internacionales', '1', '1'),
(30, '201410463', 'Saavedra Sucapuca Jhon Edgar', 'Adm. Neg. Int', 'Administración y Negocios Internacionales', '1', '1'),
(31, '201410494', 'Surco Ccoa Ada Emily', 'Adm. Neg. Int', 'Administración y Negocios Internacionales', '1', '1'),
(32, '201420977', 'Theran Amanqui Mijhael  Haronl', 'Adm. Neg. Int', 'Administración y Negocios Internacionales', '1', '1'),
(33, '201420929', 'Vargas Chambi Kenyi Jhon', 'Adm. Neg. Int', 'Administración y Negocios Internacionales', '1', '1'),
(34, '201410493', 'Velasquez Apaza Elizabeth Belinda', 'Adm. Neg. Int', 'Administración y Negocios Internacionales', '1', '1'),
(35, '201410464', 'Zapana Mamani Soledad Zulema', 'Adm. Neg. Int', 'Administración y Negocios Internacionales', '1', '1'),
(36, '201420978', 'Aguilar Colque Yuliani Pamela', 'Adm. Neg. Int', 'Administración y Negocios Internacionales', '1', '2'),
(37, '201420962', 'Bonifacio Luna Yhon Richard', 'Adm. Neg. Int', 'Administración y Negocios Internacionales', '1', '2'),
(38, '201410489', 'Calsina Alata Maximiliano Washington', 'Adm. Neg. Int', 'Administración y Negocios Internacionales', '1', '2'),
(39, '201420964', 'Cascamayta Tunque Sergio Alexander', 'Adm. Neg. Int', 'Administración y Negocios Internacionales', '1', '2'),
(40, '201121079', 'Ccala Huacho Dennis Marquiño', 'Adm. Neg. Int', 'Administración y Negocios Internacionales', '1', '2'),
(41, '201110006', 'Ccolque Huaman Uriel', 'Adm. Neg. Int', 'Administración y Negocios Internacionales', '1', '2'),
(42, '201420968', 'Chambi Choquehuanca Deysi Margoth', 'Adm. Neg. Int', 'Administración y Negocios Internacionales', '1', '2'),
(43, '201420969', 'Cheje Calla Willian Jhoel', 'Adm. Neg. Int', 'Administración y Negocios Internacionales', '1', '2'),
(44, '201420965', 'Garcia Ccallo Gaby Milagros', 'Adm. Neg. Int', 'Administración y Negocios Internacionales', '1', '2'),
(45, '201420963', 'Gutierrez Calla Yina Betsi', 'Adm. Neg. Int', 'Administración y Negocios Internacionales', '1', '2'),
(46, '201410462', 'Huaco Carbajal Flavio Cesar', 'Adm. Neg. Int', 'Administración y Negocios Internacionales', '1', '2'),
(47, '201420946', 'Huanaco Trujillo Atilio Alvaro', 'Adm. Neg. Int', 'Administración y Negocios Internacionales', '1', '2'),
(48, '201420938', 'Huayta Mamani Evelyn Thalia', 'Adm. Neg. Int', 'Administración y Negocios Internacionales', '1', '2'),
(49, '201420919', 'Jarata Ticona Marleni', 'Adm. Neg. Int', 'Administración y Negocios Internacionales', '1', '2'),
(50, '201420930', 'Larico Ccapa Luis Angel', 'Adm. Neg. Int', 'Administración y Negocios Internacionales', '1', '2'),
(51, '201420983', 'Lopez Vega Ninber', 'Adm. Neg. Int', 'Administración y Negocios Internacionales', '1', '2'),
(52, '201420928', 'Machaca Parizaca Lenin Abel', 'Adm. Neg. Int', 'Administración y Negocios Internacionales', '1', '2'),
(53, '201420918', 'Mamani Canaza Nemer Chan', 'Adm. Neg. Int', 'Administración y Negocios Internacionales', '1', '2'),
(54, '201420953', 'Mamani Suaquita Marisol', 'Adm. Neg. Int', 'Administración y Negocios Internacionales', '1', '2'),
(55, '201420952', 'Mamani Yucra Saul Jairo', 'Adm. Neg. Int', 'Administración y Negocios Internacionales', '1', '2'),
(56, '201110155', 'Pachari Flores Benger', 'Adm. Neg. Int', 'Administración y Negocios Internacionales', '1', '2'),
(57, '201321256', 'Panca Paucar Leticia', 'Adm. Neg. Int', 'Administración y Negocios Internacionales', '1', '2'),
(58, '201420925', 'Ramos Flores Nismeth  Zenilda', 'Adm. Neg. Int', 'Administración y Negocios Internacionales', '1', '2'),
(59, '201420944', 'Solis Apaza Dayra', 'Adm. Neg. Int', 'Administración y Negocios Internacionales', '1', '2'),
(60, '201420981', 'Suca Portugal Luigi Daniel', 'Adm. Neg. Int', 'Administración y Negocios Internacionales', '1', '2'),
(61, '201420950', 'Sucapuca Leqque Abel Vladimir', 'Adm. Neg. Int', 'Administración y Negocios Internacionales', '1', '2'),
(62, '201420931', 'Sucari Quispe Gian Marco', 'Adm. Neg. Int', 'Administración y Negocios Internacionales', '1', '2'),
(63, '201420917', 'Tarqui Cáceres Ortencia', 'Adm. Neg. Int', 'Administración y Negocios Internacionales', '1', '2'),
(64, '201420972', 'Ticona Mamani Yon Isau', 'Adm. Neg. Int', 'Administración y Negocios Internacionales', '1', '2'),
(65, '201420951', 'Tila Molleapaza Henrry Yojan', 'Adm. Neg. Int', 'Administración y Negocios Internacionales', '1', '2'),
(66, '201323165', 'Umiña Quispe Elvis Lucio', 'Adm. Neg. Int', 'Administración y Negocios Internacionales', '1', '2'),
(67, '201410486', 'Viza Yahuira Noemi Roxana', 'Adm. Neg. Int', 'Administración y Negocios Internacionales', '1', '2'),
(68, '201420949', 'Zea Zarabia Denis Vidmard', 'Adm. Neg. Int', 'Administración y Negocios Internacionales', '1', '2'),
(69, '201420973', 'Alvarez Mercado Liz Melissa', 'Adm. Neg. Int', 'Administración y Negocios Internacionales', '1', '3'),
(70, '201420922', 'Calsin Soncco Yuri Alexander', 'Adm. Neg. Int', 'Administración y Negocios Internacionales', '1', '3'),
(71, '201420924', 'Cari Condori Miguel Angel', 'Adm. Neg. Int', 'Administración y Negocios Internacionales', '1', '3'),
(72, '201420920', 'Ccapacca Machaca Eliana Lizbeth', 'Adm. Neg. Int', 'Administración y Negocios Internacionales', '1', '3'),
(73, '201323172', 'Chipa Huallpayunca Herlinda Corina', 'Adm. Neg. Int', 'Administración y Negocios Internacionales', '1', '3'),
(74, '201420959', 'Condori Condori Bruce Erick', 'Adm. Neg. Int', 'Administración y Negocios Internacionales', '1', '3'),
(75, '201323176', 'Condori Mamani Marilen', 'Adm. Neg. Int', 'Administración y Negocios Internacionales', '1', '3'),
(76, '201410469', 'Conza Chise Samuel', 'Adm. Neg. Int', 'Administración y Negocios Internacionales', '1', '3'),
(77, '201420975', 'Cordova Vasquez Mili', 'Adm. Neg. Int', 'Administración y Negocios Internacionales', '1', '3'),
(78, '201420943', 'Coyla Umiña Milagros Maribel', 'Adm. Neg. Int', 'Administración y Negocios Internacionales', '1', '3'),
(79, '201410386', 'Cruz Alferez Roxana Del Rosario', 'Adm. Neg. Int', 'Administración y Negocios Internacionales', '1', '3'),
(80, '201420933', 'Culqui Vargas Luis Alfredo', 'Adm. Neg. Int', 'Administración y Negocios Internacionales', '1', '3'),
(81, '201420032', 'Fernandez Ramos Jennyfer Fiorella', 'Adm. Neg. Int', 'Administración y Negocios Internacionales', '1', '3'),
(82, '201420967', 'Huanca Sucasaca Kevin', 'Adm. Neg. Int', 'Administración y Negocios Internacionales', '1', '3'),
(83, '201420954', 'Mamani Nolasco Ivanoff Rodrigo', 'Adm. Neg. Int', 'Administración y Negocios Internacionales', '1', '3'),
(84, '201420942', 'Miranda Ortiz Karen Justa', 'Adm. Neg. Int', 'Administración y Negocios Internacionales', '1', '3'),
(85, '201420958', 'Mojo Velarde Russell Kemmedy', 'Adm. Neg. Int', 'Administración y Negocios Internacionales', '1', '3'),
(86, '201420961', 'Ocsa Ito Ruth Gladys', 'Adm. Neg. Int', 'Administración y Negocios Internacionales', '1', '3'),
(87, '201420976', 'Pinto Quea Michael Stivens', 'Adm. Neg. Int', 'Administración y Negocios Internacionales', '1', '3'),
(88, '201420947', 'Quispe Huanca Elvis', 'Adm. Neg. Int', 'Administración y Negocios Internacionales', '1', '3'),
(89, '201420926', 'Quispe Illacutipa Gilda Lizeth', 'Adm. Neg. Int', 'Administración y Negocios Internacionales', '1', '3'),
(90, '201420948', 'Quispe Pacompia Edgar', 'Adm. Neg. Int', 'Administración y Negocios Internacionales', '1', '3'),
(91, '201420970', 'Quispe Subia Yhanira Yudithza', 'Adm. Neg. Int', 'Administración y Negocios Internacionales', '1', '3'),
(92, '201420932', 'Sanchez Pacco Marco Daniel', 'Adm. Neg. Int', 'Administración y Negocios Internacionales', '1', '3'),
(93, '201420941', 'Sucasaca Mamani Miguel Angel', 'Adm. Neg. Int', 'Administración y Negocios Internacionales', '1', '3'),
(94, '201420927', 'Suni Huaicho Ruth Marcela', 'Adm. Neg. Int', 'Administración y Negocios Internacionales', '1', '3'),
(95, '201410490', 'Tairo Medrano Marco Antonio', 'Adm. Neg. Int', 'Administración y Negocios Internacionales', '1', '3'),
(96, '201420940', 'Vargas Musaja Esemwanger Yonel', 'Adm. Neg. Int', 'Administración y Negocios Internacionales', '1', '3'),
(97, '201410460', 'Vargas Soto Juanito Nilser', 'Adm. Neg. Int', 'Administración y Negocios Internacionales', '1', '3'),
(98, '201320215', 'Huayllacayan Salazar Clelia Mavel', 'Adm. Neg. Int', 'Administración y Negocios Internacionales', '3', 'X'),
(99, '201320722', 'Pacca Ayfa Pablo Cesar', 'Adm. Neg. Int', 'Administración y Negocios Internacionales', '3', 'X'),
(100, '201321190', 'Apaza Hualpa Julia Alejandra', 'Adm. Neg. Int', 'Administración y Negocios Internacionales', '3', '1'),
(101, '201310643', 'Apaza Jara Jhimy', 'Adm. Neg. Int', 'Administración y Negocios Internacionales', '3', '1'),
(102, '201321204', 'Calumani Montoro Yamaly', 'Adm. Neg. Int', 'Administración y Negocios Internacionales', '3', '1'),
(103, '201321178', 'Ccoa Tacora Mariluz', 'Adm. Neg. Int', 'Administración y Negocios Internacionales', '3', '1'),
(104, '201220804', 'Ccuno Flores Giovanna', 'Adm. Neg. Int', 'Administración y Negocios Internacionales', '3', '1'),
(105, '200921299', 'Chambi Flores Jhon Federico', 'Adm. Neg. Int', 'Administración y Negocios Internacionales', '3', '1'),
(106, '201321220', 'Choquetico Arosquipa Jhon Jhordy', 'Adm. Neg. Int', 'Administración y Negocios Internacionales', '3', '1'),
(107, '201310634', 'Coila Coila Cristian', 'Adm. Neg. Int', 'Administración y Negocios Internacionales', '3', '1'),
(108, '201011374', 'Coila Mamani Deysi Liliana', 'Adm. Neg. Int', 'Administración y Negocios Internacionales', '3', '1'),
(109, '201310597', 'Condori Cruz Dennis Fernando', 'Adm. Neg. Int', 'Administración y Negocios Internacionales', '3', '1'),
(110, '201210040', 'Condori Puma Samuel Benjamin', 'Adm. Neg. Int', 'Administración y Negocios Internacionales', '3', '1'),
(111, '201310638', 'Cruz Curi Elizabeth Marina', 'Adm. Neg. Int', 'Administración y Negocios Internacionales', '3', '1'),
(112, '201321187', 'Huamani Huayhua Heber Bernardino', 'Adm. Neg. Int', 'Administración y Negocios Internacionales', '3', '1'),
(113, '201321212', 'Huaranca Chacon Maria De Los Angeles', 'Adm. Neg. Int', 'Administración y Negocios Internacionales', '3', '1'),
(114, '200921303', 'Livise Alvaro Jhens Goonar', 'Adm. Neg. Int', 'Administración y Negocios Internacionales', '3', '1'),
(115, '201310646', 'Llasa Huamani Rocio', 'Adm. Neg. Int', 'Administración y Negocios Internacionales', '3', '1'),
(116, '201321184', 'Lopez Jara Dely Deyssy', 'Adm. Neg. Int', 'Administración y Negocios Internacionales', '3', '1'),
(117, '201120977', 'Machaca Tisnado Karen Mahoma', 'Adm. Neg. Int', 'Administración y Negocios Internacionales', '3', '1'),
(118, '201321199', 'Mamani Pilco Yessica Judith', 'Adm. Neg. Int', 'Administración y Negocios Internacionales', '3', '1'),
(119, '201011339', 'Mamani Quispe Mery Elena', 'Adm. Neg. Int', 'Administración y Negocios Internacionales', '3', '1'),
(120, '201110134', 'Mamani Quispe Nancy Liduvina', 'Adm. Neg. Int', 'Administración y Negocios Internacionales', '3', '1'),
(121, '201220834', 'Maquera Cruz Miriam Cinthia', 'Adm. Neg. Int', 'Administración y Negocios Internacionales', '3', '1'),
(122, '201321192', 'Palomino Mariño Clis Oshin', 'Adm. Neg. Int', 'Administración y Negocios Internacionales', '3', '1'),
(123, '200810243', 'Paredes Vera Gabriel Moisés', 'Adm. Neg. Int', 'Administración y Negocios Internacionales', '3', '1'),
(124, '201310626', 'Paucar Cabrera Cleber', 'Adm. Neg. Int', 'Administración y Negocios Internacionales', '3', '1'),
(125, '201420923', 'Quispe Cabrera Maguelly', 'Adm. Neg. Int', 'Administración y Negocios Internacionales', '3', '1'),
(126, '201320232', 'Roque Apaza Brenda Karolain', 'Adm. Neg. Int', 'Administración y Negocios Internacionales', '3', '1'),
(127, '201020205', 'Sacaca Chuquimia Karen Thalia', 'Adm. Neg. Int', 'Administración y Negocios Internacionales', '3', '1'),
(128, '201310640', 'Saire Puma Yerson', 'Adm. Neg. Int', 'Administración y Negocios Internacionales', '3', '1'),
(129, '201321216', 'Serna Condori Rony Denis', 'Adm. Neg. Int', 'Administración y Negocios Internacionales', '3', '1'),
(130, '201323157', 'Suca Machaca Jhon Jherson', 'Adm. Neg. Int', 'Administración y Negocios Internacionales', '3', '1'),
(131, '201222010', 'Tafur Lozano Katty Maverly', 'Adm. Neg. Int', 'Administración y Negocios Internacionales', '3', '1'),
(132, '201321208', 'Amanqui Ramirez Ramiro Edson', 'Adm. Neg. Int', 'Administración y Negocios Internacionales', '3', '2'),
(133, '201222028', 'Apaza Mamani Yudy Isabel', 'Adm. Neg. Int', 'Administración y Negocios Internacionales', '3', '2'),
(134, '201321225', 'Apaza Sanca Rosmery Blanca', 'Adm. Neg. Int', 'Administración y Negocios Internacionales', '3', '2'),
(135, '200510316', 'Calizaya Palazuelos James Mijael', 'Adm. Neg. Int', 'Administración y Negocios Internacionales', '3', '2'),
(136, '201310630', 'Coila Enriquez Miguel Washington', 'Adm. Neg. Int', 'Administración y Negocios Internacionales', '3', '2'),
(137, '201310622', 'Condori Ocsa Rensson', 'Adm. Neg. Int', 'Administración y Negocios Internacionales', '3', '2'),
(138, '200720015', 'Farfan Vergara Yuly Narini', 'Adm. Neg. Int', 'Administración y Negocios Internacionales', '3', '2'),
(139, '201323179', 'Fernandez Mamani Edith Yovana', 'Adm. Neg. Int', 'Administración y Negocios Internacionales', '3', '2'),
(140, '201321194', 'Gonzales Valencia Willian Alvaro', 'Adm. Neg. Int', 'Administración y Negocios Internacionales', '3', '2'),
(141, '201321217', 'Guerra Niño De Guzman Kevin Luis', 'Adm. Neg. Int', 'Administración y Negocios Internacionales', '3', '2'),
(142, '201011255', 'Hilasaca Mamani Joaquin Alizandro', 'Adm. Neg. Int', 'Administración y Negocios Internacionales', '3', '2'),
(143, '201020271', 'Huanca Huanca Daysi', 'Adm. Neg. Int', 'Administración y Negocios Internacionales', '3', '2'),
(144, '201323024', 'Lopez Pariapaza Maribel', 'Adm. Neg. Int', 'Administración y Negocios Internacionales', '3', '2'),
(145, '201323156', 'Machaca Condori Janeth', 'Adm. Neg. Int', 'Administración y Negocios Internacionales', '3', '2'),
(146, '201321180', 'Mamani Choque Yuddith Rocio', 'Adm. Neg. Int', 'Administración y Negocios Internacionales', '3', '2'),
(147, '201321229', 'Mamani Rodriguez Wily Gabriel', 'Adm. Neg. Int', 'Administración y Negocios Internacionales', '3', '2'),
(148, '201310734', 'Mayhuiri Aroni Ali Lida', 'Adm. Neg. Int', 'Administración y Negocios Internacionales', '3', '2'),
(149, '201310644', 'Morales Ccahuana Mayco Michael', 'Adm. Neg. Int', 'Administración y Negocios Internacionales', '3', '2'),
(150, '201321196', 'Ore Carrasco Favy Allison', 'Adm. Neg. Int', 'Administración y Negocios Internacionales', '3', '2'),
(151, '201310635', 'Pariguana Castillo Pamela', 'Adm. Neg. Int', 'Administración y Negocios Internacionales', '3', '2'),
(152, '201310628', 'Parisaca Mamani Marylin Yeni', 'Adm. Neg. Int', 'Administración y Negocios Internacionales', '3', '2'),
(153, '201321206', 'Pilco Sucacahua Deysi Lizbeth', 'Adm. Neg. Int', 'Administración y Negocios Internacionales', '3', '2'),
(154, '200920462', 'Romero Ñaupa Gilmer Percy', 'Adm. Neg. Int', 'Administración y Negocios Internacionales', '3', '2'),
(155, '201321174', 'Sarmiento Sucasaca Gerali Francheska', 'Adm. Neg. Int', 'Administración y Negocios Internacionales', '3', '2'),
(156, '201120946', 'Suaquita Ccori Lizeth Lucero', 'Adm. Neg. Int', 'Administración y Negocios Internacionales', '3', '2'),
(157, '201321195', 'Torres Coila Nohelys Elizabeth', 'Adm. Neg. Int', 'Administración y Negocios Internacionales', '3', '2'),
(158, '201321181', 'Alvarez Mercado Roy Alberth', 'Adm. Neg. Int', 'Administración y Negocios Internacionales', '3', '3'),
(159, '201323161', 'Apaza Apaza Mazzetti Brandon', 'Adm. Neg. Int', 'Administración y Negocios Internacionales', '3', '3'),
(160, '201220828', 'Cabrera Puma Jhohan Ulderico', 'Adm. Neg. Int', 'Administración y Negocios Internacionales', '3', '3'),
(161, '201011866', 'Cancapa Mestas Sandra Isabel', 'Adm. Neg. Int', 'Administración y Negocios Internacionales', '3', '3'),
(162, '201321179', 'Ccama Estrada Milagros Yessenia', 'Adm. Neg. Int', 'Administración y Negocios Internacionales', '3', '3'),
(163, '201323155', 'Churata Chambi Jhon Edgar', 'Adm. Neg. Int', 'Administración y Negocios Internacionales', '3', '3'),
(164, '201011329', 'Contreras Velasquez Franclin Cacio', 'Adm. Neg. Int', 'Administración y Negocios Internacionales', '3', '3'),
(165, '201321226', 'Farfan Cordero Maria Alejandra', 'Adm. Neg. Int', 'Administración y Negocios Internacionales', '3', '3'),
(166, '201321209', 'Guerra Yucra Jackelin Lizbeth', 'Adm. Neg. Int', 'Administración y Negocios Internacionales', '3', '3'),
(167, '201321182', 'Guzmán Vasquez Gladys', 'Adm. Neg. Int', 'Administración y Negocios Internacionales', '3', '3'),
(168, '201321186', 'Huamani Chañi Rosmel', 'Adm. Neg. Int', 'Administración y Negocios Internacionales', '3', '3'),
(169, '201321502', 'Huarachi Halanoca Anthony Brandon', 'Adm. Neg. Int', 'Administración y Negocios Internacionales', '3', '3'),
(170, '201321950', 'Huayto Huayto Indira', 'Adm. Neg. Int', 'Administración y Negocios Internacionales', '3', '3'),
(171, '201321203', 'Mamani Caceres Marilu Angela', 'Adm. Neg. Int', 'Administración y Negocios Internacionales', '3', '3'),
(172, '201323173', 'Mamani Molleapaza Daniel Salomon', 'Adm. Neg. Int', 'Administración y Negocios Internacionales', '3', '3'),
(173, '201321228', 'Montesinos Dueñas Belizabeth', 'Adm. Neg. Int', 'Administración y Negocios Internacionales', '3', '3'),
(174, '201323182', 'Pari Parizayla Yanira Paola', 'Adm. Neg. Int', 'Administración y Negocios Internacionales', '3', '3'),
(175, '201010532', 'Pino Hinojosa Edelyn Fabiola', 'Adm. Neg. Int', 'Administración y Negocios Internacionales', '3', '3'),
(176, '201310641', 'Quiroz Durand Lothar Joao', 'Adm. Neg. Int', 'Administración y Negocios Internacionales', '3', '3'),
(177, '201323181', 'Rodriguez Aquino Richard', 'Adm. Neg. Int', 'Administración y Negocios Internacionales', '3', '3'),
(178, '201323158', 'Roque Quispe Esttefani', 'Adm. Neg. Int', 'Administración y Negocios Internacionales', '3', '3'),
(179, '201321193', 'Taype Lipa Josue Caleb', 'Adm. Neg. Int', 'Administración y Negocios Internacionales', '3', '3'),
(180, '200921266', 'Tipo Turpo Mily Mayhumi', 'Adm. Neg. Int', 'Administración y Negocios Internacionales', '3', '3'),
(181, '201321227', 'Vargas Machaca Silvia', 'Adm. Neg. Int', 'Administración y Negocios Internacionales', '3', '3'),
(182, '201220794', 'Vilca Lopez Celestino Miguel', 'Adm. Neg. Int', 'Administración y Negocios Internacionales', '3', '3'),
(183, '201220822', 'Chacon Huiche Elizabel', 'Adm. Neg. Int', 'Administración y Negocios Internacionales', '5', '1'),
(184, '200720408', 'Cuentas Paredes Alexis Santiago', 'Adm. Neg. Int', 'Administración y Negocios Internacionales', '5', '1'),
(185, '201210003', 'Cutipa Huanca Rosa Gladys', 'Adm. Neg. Int', 'Administración y Negocios Internacionales', '5', '1'),
(186, '201210019', 'Gemio Yujra Layde Yovana', 'Adm. Neg. Int', 'Administración y Negocios Internacionales', '5', '1'),
(187, '201120996', 'Gonzales Quecaño Raí Carlos', 'Adm. Neg. Int', 'Administración y Negocios Internacionales', '5', '1'),
(188, '201120956', 'Gutierrez Colca Omar Apolo', 'Adm. Neg. Int', 'Administración y Negocios Internacionales', '5', '1'),
(189, '201221301', 'Hancco Suclle Julia', 'Adm. Neg. Int', 'Administración y Negocios Internacionales', '5', '1'),
(190, '201210171', 'Hilario Nina Yonathan', 'Adm. Neg. Int', 'Administración y Negocios Internacionales', '5', '1'),
(191, '201220827', 'Hilasaca Mamani Josue', 'Adm. Neg. Int', 'Administración y Negocios Internacionales', '5', '1'),
(192, '201220812', 'Huillca Anccalli Thania Flor', 'Adm. Neg. Int', 'Administración y Negocios Internacionales', '5', '1'),
(193, '201220789', 'Huillca Pareja Roberto', 'Adm. Neg. Int', 'Administración y Negocios Internacionales', '5', '1'),
(194, '201220791', 'Luna Aquino Veronica', 'Adm. Neg. Int', 'Administración y Negocios Internacionales', '5', '1'),
(195, '201210004', 'Mamani Mamani David Elias', 'Adm. Neg. Int', 'Administración y Negocios Internacionales', '5', '1'),
(196, '201220810', 'Mullisaca Ochochoque Yameli', 'Adm. Neg. Int', 'Administración y Negocios Internacionales', '5', '1'),
(197, '201220825', 'Pampa Condori Delia Ines', 'Adm. Neg. Int', 'Administración y Negocios Internacionales', '5', '1'),
(198, '201210009', 'Quispe Ccari Yesy Maribel', 'Adm. Neg. Int', 'Administración y Negocios Internacionales', '5', '1'),
(199, '201220816', 'Quispe Condori Jhon', 'Adm. Neg. Int', 'Administración y Negocios Internacionales', '5', '1'),
(200, '201210002', 'Quispe Quispe Mayra Luzmila', 'Adm. Neg. Int', 'Administración y Negocios Internacionales', '5', '1'),
(201, '201210001', 'Quispe Quispe Sebastian', 'Adm. Neg. Int', 'Administración y Negocios Internacionales', '5', '1'),
(202, '201120985', 'Tito Nina Eddie Bertin', 'Adm. Neg. Int', 'Administración y Negocios Internacionales', '5', '1'),
(203, '201220799', 'Torres Pucutuni Luzmi Nelida', 'Adm. Neg. Int', 'Administración y Negocios Internacionales', '5', '1'),
(204, '201220971', 'Tuanama Huamán Winy Lucero', 'Adm. Neg. Int', 'Administración y Negocios Internacionales', '5', '1'),
(205, '201110653', 'Vilca Mamani Jesus Alberto', 'Adm. Neg. Int', 'Administración y Negocios Internacionales', '5', '1'),
(206, '201210014', 'Vilcapaza Bautista Rayza Glenys', 'Adm. Neg. Int', 'Administración y Negocios Internacionales', '5', '1'),
(207, '201122615', 'Vilchez Ccallo Alex', 'Adm. Neg. Int', 'Administración y Negocios Internacionales', '5', '1'),
(208, '201122602', 'Apaza Mamani Yuri Amador', 'Adm. Neg. Int', 'Administración y Negocios Internacionales', '5', '2'),
(209, '201220820', 'Capazaca Mamani Gloria', 'Adm. Neg. Int', 'Administración y Negocios Internacionales', '5', '2'),
(210, '201020257', 'Carlos Cardenas Mary Maricely', 'Adm. Neg. Int', 'Administración y Negocios Internacionales', '5', '2'),
(211, '200920766', 'Chambi Geldres Karen Stefanie', 'Adm. Neg. Int', 'Administración y Negocios Internacionales', '5', '2'),
(212, '201222029', 'Choque Choque Irma', 'Adm. Neg. Int', 'Administración y Negocios Internacionales', '5', '2'),
(213, '201220803', 'Gozme Soncco Amalia', 'Adm. Neg. Int', 'Administración y Negocios Internacionales', '5', '2'),
(214, '201222019', 'Hancco Pacsi Veliz', 'Adm. Neg. Int', 'Administración y Negocios Internacionales', '5', '2'),
(215, '201220821', 'Larico Apaza Roxana', 'Adm. Neg. Int', 'Administración y Negocios Internacionales', '5', '2'),
(216, '201221300', 'Lopez Aroni Yobana Isabel', 'Adm. Neg. Int', 'Administración y Negocios Internacionales', '5', '2'),
(217, '201220795', 'Machaca Mamani Ada Jezabel', 'Adm. Neg. Int', 'Administración y Negocios Internacionales', '5', '2'),
(218, '201220817', 'Mamani Condori Lindsay Anne', 'Adm. Neg. Int', 'Administración y Negocios Internacionales', '5', '2'),
(219, '201222004', 'Mamani Mamani Analy Madeleine', 'Adm. Neg. Int', 'Administración y Negocios Internacionales', '5', '2'),
(220, '201220798', 'Paitan Yucra Guido Frank', 'Adm. Neg. Int', 'Administración y Negocios Internacionales', '5', '2'),
(221, '201220793', 'Pomari Justo Olinda', 'Adm. Neg. Int', 'Administración y Negocios Internacionales', '5', '2'),
(222, '201221303', 'Quispe Apaza Ivan Yosimar', 'Adm. Neg. Int', 'Administración y Negocios Internacionales', '5', '2'),
(223, '201221220', 'Quispe Mamani Yaneth Yuli', 'Adm. Neg. Int', 'Administración y Negocios Internacionales', '5', '2'),
(224, '201220800', 'Quispe Quea Katerin Astrid', 'Adm. Neg. Int', 'Administración y Negocios Internacionales', '5', '2'),
(225, '201221214', 'Quispe Quea Yaquelin Sara', 'Adm. Neg. Int', 'Administración y Negocios Internacionales', '5', '2'),
(226, '201220088', 'Robles Ancco Meliza Leyddy', 'Adm. Neg. Int', 'Administración y Negocios Internacionales', '5', '2'),
(227, '201122583', 'Suaquita Rojas Joshwin José', 'Adm. Neg. Int', 'Administración y Negocios Internacionales', '5', '2'),
(228, '201222012', 'Subia Figueroa Wilder Miguel', 'Adm. Neg. Int', 'Administración y Negocios Internacionales', '5', '2'),
(229, '201220823', 'Sucasaca Mamani Jorge Joel', 'Adm. Neg. Int', 'Administración y Negocios Internacionales', '5', '2'),
(230, '201220819', 'Zuñiga Quispe Ludy Junior', 'Adm. Neg. Int', 'Administración y Negocios Internacionales', '5', '2'),
(231, '201220790', 'Apaza Carita Elí Nelson', 'Adm. Neg. Int', 'Administración y Negocios Internacionales', '5', '3'),
(232, '201222017', 'Apaza Coaquira Ayner', 'Adm. Neg. Int', 'Administración y Negocios Internacionales', '5', '3'),
(233, '201220830', 'Arias Maquera Americo', 'Adm. Neg. Int', 'Administración y Negocios Internacionales', '5', '3'),
(234, '201220833', 'Canaza Quispe Edith', 'Adm. Neg. Int', 'Administración y Negocios Internacionales', '5', '3'),
(235, '201120983', 'Carita Flores Magaly Milagros', 'Adm. Neg. Int', 'Administración y Negocios Internacionales', '5', '3'),
(236, '201122585', 'Ccallo Mamani Carlos Zeze', 'Adm. Neg. Int', 'Administración y Negocios Internacionales', '5', '3'),
(237, '201120999', 'Ccallohuanca Atamari Eliana Yency', 'Adm. Neg. Int', 'Administración y Negocios Internacionales', '5', '3'),
(238, '201222026', 'Ccolque Condori Mariela', 'Adm. Neg. Int', 'Administración y Negocios Internacionales', '5', '3'),
(239, '201222027', 'Chahuara Mamani Mary Luz', 'Adm. Neg. Int', 'Administración y Negocios Internacionales', '5', '3'),
(240, '201222007', 'Choque Choque Agustina', 'Adm. Neg. Int', 'Administración y Negocios Internacionales', '5', '3'),
(241, '201222009', 'Condori Condori José Luis', 'Adm. Neg. Int', 'Administración y Negocios Internacionales', '5', '3'),
(242, '201210006', 'Condori Quispe Denis Edgar', 'Adm. Neg. Int', 'Administración y Negocios Internacionales', '5', '3'),
(243, '201222008', 'Flores Mullisaca Delia', 'Adm. Neg. Int', 'Administración y Negocios Internacionales', '5', '3'),
(244, '201121708', 'Huayta Condori Noemi', 'Adm. Neg. Int', 'Administración y Negocios Internacionales', '5', '3'),
(245, '201222006', 'Incacari Huanca Joseph Brayan', 'Adm. Neg. Int', 'Administración y Negocios Internacionales', '5', '3'),
(246, '201220829', 'Jaquehua Laura Yanet Cecilia', 'Adm. Neg. Int', 'Administración y Negocios Internacionales', '5', '3'),
(247, '201020258', 'Luque Ayala Soledad', 'Adm. Neg. Int', 'Administración y Negocios Internacionales', '5', '3'),
(248, '201011353', 'Luque Fuentes Wilson', 'Adm. Neg. Int', 'Administración y Negocios Internacionales', '5', '3'),
(249, '200820303', 'Pandia Flores Junior Angel', 'Adm. Neg. Int', 'Administración y Negocios Internacionales', '5', '3'),
(250, '201222013', 'Pari Mamani Yoel Angel', 'Adm. Neg. Int', 'Administración y Negocios Internacionales', '5', '3'),
(251, '201220792', 'Quispe Pocohuanca Sandra', 'Adm. Neg. Int', 'Administración y Negocios Internacionales', '5', '3'),
(252, '201222024', 'Roque Apaza Jhojann Smidth', 'Adm. Neg. Int', 'Administración y Negocios Internacionales', '5', '3'),
(253, '201222015', 'Supo Supo Ana Isabel', 'Adm. Neg. Int', 'Administración y Negocios Internacionales', '5', '3'),
(254, '201210188', 'Tauccaya Mendoza Samuel', 'Adm. Neg. Int', 'Administración y Negocios Internacionales', '5', '3'),
(255, '201210012', 'Tupac Cansaya Gina Teodora', 'Adm. Neg. Int', 'Administración y Negocios Internacionales', '5', '3'),
(256, '201110672', 'Ulhua Salazar Silvia', 'Adm. Neg. Int', 'Administración y Negocios Internacionales', '5', '3'),
(257, '201150045', 'Bonilla Cuascota Jose Francisco', 'Adm. Neg. Int', 'Administración y Negocios Internacionales', '7', 'X'),
(258, '201110231', 'Mamani Aldazosa Lourdes Mónica', 'Adm. Neg. Int', 'Administración y Negocios Internacionales', '7', 'X'),
(259, '201110244', 'Martínez Flores Yuri Yomar', 'Adm. Neg. Int', 'Administración y Negocios Internacionales', '7', 'X'),
(260, '201150135', 'Zuñiga Arellano Irma Noemi', 'Adm. Neg. Int', 'Administración y Negocios Internacionales', '7', 'X'),
(261, '201120939', 'Aristica Zamata Santiago', 'Adm. Neg. Int', 'Administración y Negocios Internacionales', '7', '1'),
(262, '201020267', 'Astete Quispe Russmery', 'Adm. Neg. Int', 'Administración y Negocios Internacionales', '7', '1'),
(263, '201020268', 'Capaquira Limachi Franklin', 'Adm. Neg. Int', 'Administración y Negocios Internacionales', '7', '1'),
(264, '201120940', 'Cayo Esquivel Nuria Iris', 'Adm. Neg. Int', 'Administración y Negocios Internacionales', '7', '1'),
(265, '200720395', 'Chambi Sarmiento Edison Yonathan', 'Adm. Neg. Int', 'Administración y Negocios Internacionales', '7', '1'),
(266, '201020262', 'Coaquira Mamani Yenny', 'Adm. Neg. Int', 'Administración y Negocios Internacionales', '7', '1'),
(267, '201120988', 'Cuentas Paredes Richard Rommel', 'Adm. Neg. Int', 'Administración y Negocios Internacionales', '7', '1'),
(268, '201120966', 'Flores Mamani Kalia Franshella', 'Adm. Neg. Int', 'Administración y Negocios Internacionales', '7', '1'),
(269, '200820163', 'Hinostroza Martínez Cleofe Nerida', 'Adm. Neg. Int', 'Administración y Negocios Internacionales', '7', '1'),
(270, '200810848', 'Huanca Apaza Eddinson Fidel', 'Adm. Neg. Int', 'Administración y Negocios Internacionales', '7', '1'),
(271, '201120952', 'Infanzon Mamani Gandy', 'Adm. Neg. Int', 'Administración y Negocios Internacionales', '7', '1'),
(272, '201110220', 'Jara Flores Peter Jhonatan', 'Adm. Neg. Int', 'Administración y Negocios Internacionales', '7', '1'),
(273, '200920780', 'Jilaja Capia Belendia', 'Adm. Neg. Int', 'Administración y Negocios Internacionales', '7', '1'),
(274, '201122581', 'Larico Apaza Susan', 'Adm. Neg. Int', 'Administración y Negocios Internacionales', '7', '1'),
(275, '201110103', 'Mamani Yanarico Luz Dina', 'Adm. Neg. Int', 'Administración y Negocios Internacionales', '7', '1'),
(276, '200921275', 'Mara Pilco Fredy Gabriel', 'Adm. Neg. Int', 'Administración y Negocios Internacionales', '7', '1'),
(277, '201011370', 'Paye Luna Jesús Mijael', 'Adm. Neg. Int', 'Administración y Negocios Internacionales', '7', '1'),
(278, '201011290', 'Portillo Caceres Cristian Edilson', 'Adm. Neg. Int', 'Administración y Negocios Internacionales', '7', '1'),
(279, '201120978', 'Rios Condori Kerlin Nuria', 'Adm. Neg. Int', 'Administración y Negocios Internacionales', '7', '1'),
(280, '201122579', 'Rodriguez Bustinza Rossy Stefany', 'Adm. Neg. Int', 'Administración y Negocios Internacionales', '7', '1'),
(281, '201122753', 'Rodriguez Sucapuca Flor De Maria', 'Adm. Neg. Int', 'Administración y Negocios Internacionales', '7', '1'),
(282, '201120942', 'Rojas Coaquira Luz Mery', 'Adm. Neg. Int', 'Administración y Negocios Internacionales', '7', '1'),
(283, '201020273', 'Ticona Maquera Gilber', 'Adm. Neg. Int', 'Administración y Negocios Internacionales', '7', '1'),
(284, '201120981', 'Urquizo Mendoza Elisa', 'Adm. Neg. Int', 'Administración y Negocios Internacionales', '7', '1'),
(285, '201120974', 'Urviola Lipa Vanessa', 'Adm. Neg. Int', 'Administración y Negocios Internacionales', '7', '1'),
(286, '201110098', 'Vargas Pari Lucía Cyntia', 'Adm. Neg. Int', 'Administración y Negocios Internacionales', '7', '1'),
(287, '201020269', 'Velarde Ramos Carmen Rosa', 'Adm. Neg. Int', 'Administración y Negocios Internacionales', '7', '1'),
(288, '201122591', 'Vilca Aleman Maricruz Rosmery', 'Adm. Neg. Int', 'Administración y Negocios Internacionales', '7', '1'),
(289, '200910496', 'Vilcapaza Aquino Zenón', 'Adm. Neg. Int', 'Administración y Negocios Internacionales', '7', '1'),
(290, '201120532', 'Villa Deza Bruno Abel', 'Adm. Neg. Int', 'Administración y Negocios Internacionales', '7', '1'),
(291, '200720309', 'Apaza Escobedo David Eloy', 'Adm. Neg. Int', 'Administración y Negocios Internacionales', '7', '2'),
(292, '201121004', 'Apaza Huarca Roxana Beatriz', 'Adm. Neg. Int', 'Administración y Negocios Internacionales', '7', '2'),
(293, '200910491', 'Capaquira Cusacani Brayan Joel', 'Adm. Neg. Int', 'Administración y Negocios Internacionales', '7', '2'),
(294, '201120945', 'Chacalla Alvarez Maria Magdalena', 'Adm. Neg. Int', 'Administración y Negocios Internacionales', '7', '2'),
(295, '201010576', 'Coaquira Atajo Yenny Delia', 'Adm. Neg. Int', 'Administración y Negocios Internacionales', '7', '2'),
(296, '200210228', 'Collas Vidal Ruben Paholo', 'Adm. Neg. Int', 'Administración y Negocios Internacionales', '7', '2'),
(297, '201121002', 'Diaz Palomino Veronica', 'Adm. Neg. Int', 'Administración y Negocios Internacionales', '7', '2'),
(298, '201122618', 'Gutierrez Arque Lourdes Sofía', 'Adm. Neg. Int', 'Administración y Negocios Internacionales', '7', '2'),
(299, '201010591', 'Huamán Quispe Ana Luisa', 'Adm. Neg. Int', 'Administración y Negocios Internacionales', '7', '2'),
(300, '201123119', 'Huanca Ventura Abigail Belén', 'Adm. Neg. Int', 'Administración y Negocios Internacionales', '7', '2'),
(301, '201110133', 'Jara Hancco Noemí Erika', 'Adm. Neg. Int', 'Administración y Negocios Internacionales', '7', '2'),
(302, '201120954', 'Luque Huamanguillas Karla Iraida', 'Adm. Neg. Int', 'Administración y Negocios Internacionales', '7', '2'),
(303, '201122588', 'Mamani Mamani Willian Henry', 'Adm. Neg. Int', 'Administración y Negocios Internacionales', '7', '2'),
(304, '201120948', 'Mamani Pari Isaac', 'Adm. Neg. Int', 'Administración y Negocios Internacionales', '7', '2'),
(305, '201120957', 'Mitta Quispe Hector Julber', 'Adm. Neg. Int', 'Administración y Negocios Internacionales', '7', '2'),
(306, '200820344', 'Pacsi Condori Yesica', 'Adm. Neg. Int', 'Administración y Negocios Internacionales', '7', '2'),
(307, '201120987', 'Pampa Adco Yony Amado', 'Adm. Neg. Int', 'Administración y Negocios Internacionales', '7', '2'),
(308, '201120963', 'Paredes Mamani Silvana Cecilia', 'Adm. Neg. Int', 'Administración y Negocios Internacionales', '7', '2'),
(309, '201110110', 'Pari Huallpa Paulino', 'Adm. Neg. Int', 'Administración y Negocios Internacionales', '7', '2'),
(310, '201122609', 'Paye Choque Luigi Lenin', 'Adm. Neg. Int', 'Administración y Negocios Internacionales', '7', '2'),
(311, '201011852', 'Quispe Chuchullo Mariluz Emilda', 'Adm. Neg. Int', 'Administración y Negocios Internacionales', '7', '2'),
(312, '201120941', 'Quispe Luna Vilia Carina', 'Adm. Neg. Int', 'Administración y Negocios Internacionales', '7', '2'),
(313, '201120944', 'Quispe Yana Edith Noemí', 'Adm. Neg. Int', 'Administración y Negocios Internacionales', '7', '2'),
(314, '201121003', 'Ramos Mamani Delsi Drani', 'Adm. Neg. Int', 'Administración y Negocios Internacionales', '7', '2'),
(315, '201120964', 'Roque Quispe Eva Jimena', 'Adm. Neg. Int', 'Administración y Negocios Internacionales', '7', '2'),
(316, '201122597', 'Roque Quispe Orfa', 'Adm. Neg. Int', 'Administración y Negocios Internacionales', '7', '2'),
(317, '200910215', 'Soncco Soncco Irma', 'Adm. Neg. Int', 'Administración y Negocios Internacionales', '7', '2'),
(318, '200910474', 'Tupac Mamani Yim Eliazar', 'Adm. Neg. Int', 'Administración y Negocios Internacionales', '7', '2'),
(319, '201122603', 'Turpo Mamani Susana Maria', 'Adm. Neg. Int', 'Administración y Negocios Internacionales', '7', '2'),
(320, '201122755', 'Zuñiga Quispe Marleny', 'Adm. Neg. Int', 'Administración y Negocios Internacionales', '7', '2'),
(321, '201010594', 'Adco Charpa Elva Erica', 'Adm. Neg. Int', 'Administración y Negocios Internacionales', '9', 'X'),
(322, '200920760', 'Apaza Jara Florentina Baneza', 'Adm. Neg. Int', 'Administración y Negocios Internacionales', '9', 'X'),
(323, '201011332', 'Calloapaza Challco Jhosey Paola', 'Adm. Neg. Int', 'Administración y Negocios Internacionales', '9', 'X'),
(324, '201020245', 'Carcausto Vilcapaza Zaida Yaneth', 'Adm. Neg. Int', 'Administración y Negocios Internacionales', '9', 'X'),
(325, '201011858', 'Castillo Quispe Lisbet Marisol', 'Adm. Neg. Int', 'Administración y Negocios Internacionales', '9', 'X'),
(326, '201011851', 'Flores Benique Yudy Janeth', 'Adm. Neg. Int', 'Administración y Negocios Internacionales', '9', 'X'),
(327, '200810748', 'Florez Cortez Rodrigo Rolando', 'Adm. Neg. Int', 'Administración y Negocios Internacionales', '9', 'X'),
(328, '201011315', 'Huaranca Canaza Yeny', 'Adm. Neg. Int', 'Administración y Negocios Internacionales', '9', 'X'),
(329, '201010583', 'Huayta Apaza Yenny', 'Adm. Neg. Int', 'Administración y Negocios Internacionales', '9', 'X'),
(330, '201020263', 'Jimenez Tutacano Guido Edwin', 'Adm. Neg. Int', 'Administración y Negocios Internacionales', '9', 'X'),
(331, '200810840', 'Llanqui Ventura Yaneth Glelcy', 'Adm. Neg. Int', 'Administración y Negocios Internacionales', '9', 'X'),
(332, '200910483', 'Mamani Clemente Fany', 'Adm. Neg. Int', 'Administración y Negocios Internacionales', '9', 'X'),
(333, '201011342', 'Mamani Hacca Yessenia', 'Adm. Neg. Int', 'Administración y Negocios Internacionales', '9', 'X'),
(334, '200711551', 'Mamani Pacco Gabriel', 'Adm. Neg. Int', 'Administración y Negocios Internacionales', '9', 'X'),
(335, '201020256', 'Mamani Vara Ander Jochs', 'Adm. Neg. Int', 'Administración y Negocios Internacionales', '9', 'X'),
(336, '201010524', 'Maquera Ticona Nélida', 'Adm. Neg. Int', 'Administración y Negocios Internacionales', '9', 'X'),
(337, '200810832', 'Mozo Holgado Abad Basilio', 'Adm. Neg. Int', 'Administración y Negocios Internacionales', '9', 'X'),
(338, '200910513', 'Nieto Cabrera Olegario', 'Adm. Neg. Int', 'Administración y Negocios Internacionales', '9', 'X'),
(339, '201020265', 'Puma Piedra Irma', 'Adm. Neg. Int', 'Administración y Negocios Internacionales', '9', 'X'),
(340, '201010596', 'Quispe Coaquira Dania Mayumi', 'Adm. Neg. Int', 'Administración y Negocios Internacionales', '9', 'X'),
(341, '201011381', 'Ramirez Yugra Wenston Mikhail', 'Adm. Neg. Int', 'Administración y Negocios Internacionales', '9', 'X'),
(342, '200910490', 'Supo Apaza Kenyw Arnaldo', 'Adm. Neg. Int', 'Administración y Negocios Internacionales', '9', 'X'),
(343, '200611381', 'Ticona Ccarita Daniel Joel', 'Adm. Neg. Int', 'Administración y Negocios Internacionales', '9', 'X'),
(344, '201011364', 'Zea Jove Idania', 'Adm. Neg. Int', 'Administración y Negocios Internacionales', '9', 'X'),
(345, '201421336', 'Chayña Alejo Brenda Estefany', 'AG.Jul.', 'Asistencia Gerencial', '1', 'X'),
(346, '201410540', 'Chuctaya Cjuno Tadeo Avel', 'AG.Jul.', 'Asistencia Gerencial', '1', 'X'),
(347, '200611268', 'Condori Jayo Yuliana Lucia', 'AG.Jul.', 'Asistencia Gerencial', '1', 'X'),
(348, '201421334', 'Condorpusa Layme Estefania Milagros', 'AG.Jul.', 'Asistencia Gerencial', '1', 'X'),
(349, '201421340', 'Fabian Condori Azucena Danitza', 'AG.Jul.', 'Asistencia Gerencial', '1', 'X'),
(350, '201421337', 'Florez Quispe Yulisa', 'AG.Jul.', 'Asistencia Gerencial', '1', 'X'),
(351, '201421344', 'Huaracallo Cari Luz Delia', 'AG.Jul.', 'Asistencia Gerencial', '1', 'X'),
(352, '201421342', 'Larico Lima Maribel', 'AG.Jul.', 'Asistencia Gerencial', '1', 'X'),
(353, '201410539', 'Llachoque Huamani Maribel', 'AG.Jul.', 'Asistencia Gerencial', '1', 'X'),
(354, '201221008', 'Mamani Calsina Elizabeth', 'AG.Jul.', 'Asistencia Gerencial', '1', 'X'),
(355, '201421343', 'Mamani Morales Hilda Veronica', 'AG.Jul.', 'Asistencia Gerencial', '1', 'X'),
(356, '201421339', 'Marona Mamani Mary Luz', 'AG.Jul.', 'Asistencia Gerencial', '1', 'X'),
(357, '201421335', 'Quispe Huarachi Sonia Nancy', 'AG.Jul.', 'Asistencia Gerencial', '1', 'X'),
(358, '201421338', 'Quispe Salazar Denis Yovana', 'AG.Jul.', 'Asistencia Gerencial', '1', 'X'),
(359, '201410666', 'Quispe Ttito Ventura', 'AG.Jul.', 'Asistencia Gerencial', '1', 'X'),
(360, '201010544', 'Tonconi Mamani Blandy Yeslin', 'AG.Jul.', 'Asistencia Gerencial', '1', 'X'),
(361, '201421341', 'Tutacano Alarcón Dianeth Maribel', 'AG.Jul.', 'Asistencia Gerencial', '1', 'X'),
(362, '201410541', 'Vilca Masco Juana Luz', 'AG.Jul.', 'Asistencia Gerencial', '1', 'X'),
(363, '201321297', 'Vilca Turpo Arnold Maguiver', 'AG.Jul.', 'Asistencia Gerencial', '1', 'X'),
(364, '201020293', 'Pariguana Condori Nilo', 'AG.Jul.', 'Asistencia Gerencial', '2', 'X'),
(365, '201310651', 'Arapa Sucacahua Josué David', 'AG.Jul.', 'Asistencia Gerencial', '3', 'X'),
(366, '201221312', 'Aroni Ccama Celinda', 'AG.Jul.', 'Asistencia Gerencial', '3', 'X'),
(367, '201321299', 'Cahuachia Flores Eva Susi', 'AG.Jul.', 'Asistencia Gerencial', '3', 'X'),
(368, '201321301', 'Castillo Ticona Susy Marleni', 'AG.Jul.', 'Asistencia Gerencial', '3', 'X'),
(369, '200921318', 'Ccaza Apaza Madame Rebeca', 'AG.Jul.', 'Asistencia Gerencial', '3', 'X'),
(370, '201011410', 'Cáceres Tipo Fabiola Mayumy', 'AG.Jul.', 'Asistencia Gerencial', '3', 'X'),
(371, '201020173', 'Chipana Mamani Rosa', 'AG.Jul.', 'Asistencia Gerencial', '3', 'X'),
(372, '200920768', 'Cuno Quispe Amelia', 'AG.Jul.', 'Asistencia Gerencial', '3', 'X'),
(373, '201321298', 'Flores Quispe Briyith Sharmely', 'AG.Jul.', 'Asistencia Gerencial', '3', 'X'),
(374, '201321290', 'Hancco Mamani Delia Elizabeth', 'AG.Jul.', 'Asistencia Gerencial', '3', 'X'),
(375, '201321289', 'Huanca Quispe Luz Gabriela', 'AG.Jul.', 'Asistencia Gerencial', '3', 'X'),
(376, '201321292', 'Huancoillo Quinto Lida Liz', 'AG.Jul.', 'Asistencia Gerencial', '3', 'X'),
(377, '201222016', 'Ito Rodriguez Gladys Elizabeth', 'AG.Jul.', 'Asistencia Gerencial', '3', 'X'),
(378, '201321303', 'Lampa Morocco Ruth Esther', 'AG.Jul.', 'Asistencia Gerencial', '3', 'X'),
(379, '201221016', 'Mamani Lipa Noemí', 'AG.Jul.', 'Asistencia Gerencial', '3', 'X'),
(380, '201020197', 'Mamani Machacca Doris', 'AG.Jul.', 'Asistencia Gerencial', '3', 'X'),
(381, '201321287', 'Paricela Huancollo Matilde Flora', 'AG.Jul.', 'Asistencia Gerencial', '3', 'X'),
(382, '201321306', 'Puma Huahuacondori Dina', 'AG.Jul.', 'Asistencia Gerencial', '3', 'X'),
(383, '201321300', 'Quispe Arana Agustina', 'AG.Jul.', 'Asistencia Gerencial', '3', 'X'),
(384, '201321294', 'Quispe Chura Luz Marina', 'AG.Jul.', 'Asistencia Gerencial', '3', 'X'),
(385, '201321295', 'Quispe Pacco Yuly Guadalupe', 'AG.Jul.', 'Asistencia Gerencial', '3', 'X'),
(386, '201222108', 'Revoredo Torres Juana Esther', 'AG.Jul.', 'Asistencia Gerencial', '3', 'X'),
(387, '201222114', 'Turpo Luque Margot', 'AG.Jul.', 'Asistencia Gerencial', '3', 'X'),
(388, '201321304', 'Turpo Mamani Eva Elva', 'AG.Jul.', 'Asistencia Gerencial', '3', 'X'),
(389, '201321305', 'Tutacano Alarcon Sonia', 'AG.Jul.', 'Asistencia Gerencial', '3', 'X'),
(390, '201020278', 'Vasquez Calcina Prindy Lidia', 'AG.Jul.', 'Asistencia Gerencial', '3', 'X'),
(391, '201321291', 'Villalva Mamani Amelia', 'AG.Jul.', 'Asistencia Gerencial', '3', 'X'),
(392, '201310790', 'Chipana Mendoza Apolinaria', 'ANI - Proesad Jul.', 'Administración y Negocios Internacionales PROESAD', '3', 'X'),
(393, '201020274', 'Renteria Cardenas Luz Victoria', 'ANI - Proesad Jul.', 'Administración y Negocios Internacionales PROESAD', '3', 'X'),
(394, '201122657', 'Mamani Abado Leysly Sharmila', 'Cont.', 'Contabilidad', '1', 'X'),
(395, '200920754', 'Mamani Arias Lizbeth', 'Cont.', 'Contabilidad', '1', 'X'),
(396, '200921305', 'Cherino Herpanocca Ayde Beatríz', 'Cont.', 'Contabilidad', '3', 'X'),
(397, '201122647', 'Pacombia Incahuanaco Gusman', 'Cont.', 'Contabilidad', '3', 'X'),
(398, '201121062', 'Quispe Leqque Gilma Nataly', 'Cont.', 'Contabilidad', '3', 'X'),
(399, '201110088', 'Ramos Jarita Ruth', 'Cont.', 'Contabilidad', '3', 'X'),
(400, '201110125', 'Osco Mamani Alfredo Daniel', 'Cont.', 'Contabilidad', '4', 'X'),
(401, '200810794', 'Chambilla Ramos Midwar Manuel', 'Cont.', 'Contabilidad', '5', 'X'),
(402, '200920656', 'Colque Tecsi Joel Irwin', 'Cont.', 'Contabilidad', '5', 'X'),
(403, '200511070', 'Garcia Madariaga Joel', 'Cont.', 'Contabilidad', '5', 'X'),
(404, '200711759', 'Ticona Huisa David Dionicio', 'Cont.', 'Contabilidad', '5', 'X'),
(405, '201122650', 'Apaza Quispe Willy', 'Cont.', 'Contabilidad', '6', 'X'),
(406, '201122663', 'Calcina Jimenez Anabel Noemi', 'Cont.', 'Contabilidad', '6', 'X'),
(407, '201121039', 'Calero Alvarado Bryan Américo', 'Cont.', 'Contabilidad', '6', 'X'),
(408, '201122654', 'Ccori Surco Khalil  Henry', 'Cont.', 'Contabilidad', '6', 'X'),
(409, '201122662', 'Chambi Calcina Nels Violeta', 'Cont.', 'Contabilidad', '6', 'X'),
(410, '200921280', 'Chura Condori Yimi Ivan', 'Cont.', 'Contabilidad', '6', 'X'),
(411, '201122652', 'Coila Bornas Beto Raél', 'Cont.', 'Contabilidad', '6', 'X'),
(412, '201011333', 'Curro Fuentes Sintia Mariza', 'Cont.', 'Contabilidad', '6', 'X'),
(413, '201121058', 'De La Cruz Aguilar John Niels', 'Cont.', 'Contabilidad', '6', 'X'),
(414, '201122658', 'Galindo Estrada Miguel Angel', 'Cont.', 'Contabilidad', '6', 'X'),
(415, '201122649', 'Gutierrez Mamani Katya Rossmery', 'Cont.', 'Contabilidad', '6', 'X'),
(416, '201122634', 'Gutierrez Rodriguez Tania Reyna', 'Cont.', 'Contabilidad', '6', 'X'),
(417, '201110128', 'Gutierrez Calsín Katia Isela', 'Cont.', 'Contabilidad', '6', 'X'),
(418, '201121064', 'Huisa Quispe Rut Mary', 'Cont.', 'Contabilidad', '6', 'X'),
(419, '201121084', 'Jara Olarte Henry Apolinar', 'Cont.', 'Contabilidad', '6', 'X'),
(420, '201122636', 'Limache Patatingo Wilber Darwin', 'Cont.', 'Contabilidad', '6', 'X'),
(421, '201122646', 'Lipe Ruiz Verónica Alicia', 'Cont.', 'Contabilidad', '6', 'X'),
(422, '201121110', 'Llavilla Ccari Helvia Judith', 'Cont.', 'Contabilidad', '6', 'X'),
(423, '200410688', 'Mamani Aroapaza Edwin Ulises', 'Cont.', 'Contabilidad', '6', 'X'),
(424, '201121116', 'Mamani Calsina Dalia Lizbeth', 'Cont.', 'Contabilidad', '6', 'X'),
(425, '201110118', 'Mamani Umiri Wily', 'Cont.', 'Contabilidad', '6', 'X'),
(426, '200110595', 'Pacori Condori David', 'Cont.', 'Contabilidad', '6', 'X'),
(427, '201011800', 'Pariapaza Larico Sonia', 'Cont.', 'Contabilidad', '6', 'X'),
(428, '201122640', 'Quilla Surco Lizbeth', 'Cont.', 'Contabilidad', '6', 'X'),
(429, '201122659', 'Quispe Chiri Ursula Raquel', 'Cont.', 'Contabilidad', '6', 'X'),
(430, '201110116', 'Quispe Uscamayta Peregrina Genoveva', 'Cont.', 'Contabilidad', '6', 'X'),
(431, '201121009', 'Ramirez Calderon Yaneth', 'Cont.', 'Contabilidad', '6', 'X'),
(432, '201122660', 'Salas Bolaños Yhon', 'Cont.', 'Contabilidad', '6', 'X'),
(433, '201020212', 'Vargas Malaga María Del Pilar Vijani', 'Cont.', 'Contabilidad', '6', 'X'),
(434, '201122645', 'Vilca Velarde Regina', 'Cont.', 'Contabilidad', '6', 'X'),
(435, '200921296', 'Alarcon Serruto Katherine', 'Cont.', 'Contabilidad', '7', 'X'),
(436, '201110177', 'Pinedo Del Aguila Victoria Esther', 'Cont.', 'Contabilidad', '7', 'X'),
(437, '201020018', 'Rojas Tuesta Tiffani  Suail', 'Cont.', 'Contabilidad', '7', 'X'),
(438, '200710315', 'Alvarez Ancco Vidal', 'Cont.', 'Contabilidad', '7', '1'),
(439, '201121041', 'Apaza Callo Jhudit', 'Cont.', 'Contabilidad', '7', '1'),
(440, '201110162', 'Apaza Quispe Juan Diego', 'Cont.', 'Contabilidad', '7', '1'),
(441, '201121094', 'Ccallo Flores Romina Orfa', 'Cont.', 'Contabilidad', '7', '1'),
(442, '201020211', 'Ccolque Hilario Delmer', 'Cont.', 'Contabilidad', '7', '1'),
(443, '201011296', 'Chambi Limachi Hernan', 'Cont.', 'Contabilidad', '7', '1');
INSERT INTO `estudiante` (`id`, `codigo`, `nombre`, `carrera`, `carrerafull`, `ciclo`, `grupo`) VALUES
(444, '201122151', 'Chayña Torres Luzmila', 'Cont.', 'Contabilidad', '7', '1'),
(445, '201121068', 'Chura Pampa Karina Yessica', 'Cont.', 'Contabilidad', '7', '1'),
(446, '200410701', 'Guerra Payé Ronald', 'Cont.', 'Contabilidad', '7', '1'),
(447, '201121090', 'Hilario Umiyauri Karina', 'Cont.', 'Contabilidad', '7', '1'),
(448, '201011346', 'Hilario Usca Efrain', 'Cont.', 'Contabilidad', '7', '1'),
(449, '200511099', 'Jove Bejar Omar Crisologo', 'Cont.', 'Contabilidad', '7', '1'),
(450, '201020229', 'Mamani Rivera Luz Minalda', 'Cont.', 'Contabilidad', '7', '1'),
(451, '201110113', 'Ojeda Mamani Ever David', 'Cont.', 'Contabilidad', '7', '1'),
(452, '200921306', 'Osco Mamani Gustavo Samuel', 'Cont.', 'Contabilidad', '7', '1'),
(453, '201110129', 'Quispe Huacantara Maritza Sonia', 'Cont.', 'Contabilidad', '7', '1'),
(454, '201121061', 'Quispe Loayza Yenny Madeleyny', 'Cont.', 'Contabilidad', '7', '1'),
(455, '201121046', 'Sanizo Cuno Erick Vidal', 'Cont.', 'Contabilidad', '7', '1'),
(456, '201121031', 'Sarco Escalante Katia', 'Cont.', 'Contabilidad', '7', '1'),
(457, '200620114', 'Sucasaire Rojas Susan Karol', 'Cont.', 'Contabilidad', '7', '1'),
(458, '201011263', 'Sumari Sucasaca Judith Hilda', 'Cont.', 'Contabilidad', '7', '1'),
(459, '200510475', 'Tisnado Ttito Milagros Magaly', 'Cont.', 'Contabilidad', '7', '1'),
(460, '201121082', 'Turpo Mamani Helena Lourdes', 'Cont.', 'Contabilidad', '7', '1'),
(461, '200910488', 'Vargas Huahuasoncco Dante Michael', 'Cont.', 'Contabilidad', '7', '1'),
(462, '200711185', 'Velasquez Palomino Yudit Marleny', 'Cont.', 'Contabilidad', '7', '1'),
(463, '201121096', 'Yucra Apaza Ingrid Marilia', 'Cont.', 'Contabilidad', '7', '1'),
(464, '201121036', 'Yufra Ururi Angel David', 'Cont.', 'Contabilidad', '7', '1'),
(465, '200920758', 'Amachi Viamonte Sally Delicia', 'Cont.', 'Contabilidad', '7', '2'),
(466, '201011783', 'Apaza Incahuanaco Nélida', 'Cont.', 'Contabilidad', '7', '2'),
(467, '200820242', 'Apaza Martinez Mayori Katherine', 'Cont.', 'Contabilidad', '7', '2'),
(468, '201011413', 'Capia Capia Miriam', 'Cont.', 'Contabilidad', '7', '2'),
(469, '201121037', 'Choque Mamani Moises', 'Cont.', 'Contabilidad', '7', '2'),
(470, '201121075', 'Flores Pinto Kari Rocio', 'Cont.', 'Contabilidad', '7', '2'),
(471, '201121095', 'Julca Chuquista Erick', 'Cont.', 'Contabilidad', '7', '2'),
(472, '201121032', 'La Rosa Coarita Priscila', 'Cont.', 'Contabilidad', '7', '2'),
(473, '201121097', 'Mamani Mamani Nely Gloria', 'Cont.', 'Contabilidad', '7', '2'),
(474, '201121035', 'Mamani Saavedra Ruth Mayumi', 'Cont.', 'Contabilidad', '7', '2'),
(475, '201121098', 'Mendoza Quispe Sindya', 'Cont.', 'Contabilidad', '7', '2'),
(476, '201120960', 'Minaya Yapu Ana Gabriela', 'Cont.', 'Contabilidad', '7', '2'),
(477, '201121051', 'Paredes Vega Tiffany Rosemary', 'Cont.', 'Contabilidad', '7', '2'),
(478, '201121067', 'Paricoto Romero Lizeth Pamela', 'Cont.', 'Contabilidad', '7', '2'),
(479, '200620099', 'Quispe Chura Victoria', 'Cont.', 'Contabilidad', '7', '2'),
(480, '201121040', 'Quispe Leqque Annghela Belen', 'Cont.', 'Contabilidad', '7', '2'),
(481, '201121047', 'Quispe Parra Pinena', 'Cont.', 'Contabilidad', '7', '2'),
(482, '200810762', 'Ramirez Cabana Doris Zenaida', 'Cont.', 'Contabilidad', '7', '2'),
(483, '201121030', 'Rozas Rozas Joseph Nicolay', 'Cont.', 'Contabilidad', '7', '2'),
(484, '201010580', 'Supho Mamani Alex Cirilo', 'Cont.', 'Contabilidad', '7', '2'),
(485, '201011366', 'Taiña Vilca Daniel Alfredo', 'Cont.', 'Contabilidad', '7', '2'),
(486, '200720284', 'Tintaya Vaca Gabriel Ronald', 'Cont.', 'Contabilidad', '7', '2'),
(487, '200920654', 'Tito Nina Nancy', 'Cont.', 'Contabilidad', '7', '2'),
(488, '201121080', 'Tupac Mara Fely Thalia', 'Cont.', 'Contabilidad', '7', '2'),
(489, '201121054', 'Yanqui Coila Richar Maicol', 'Cont.', 'Contabilidad', '7', '2'),
(490, '201020213', 'Arapa Apaza Henry Valentin', 'Cont.', 'Contabilidad', '7', '3'),
(491, '201010562', 'Blanco Velasquez David Kelvin', 'Cont.', 'Contabilidad', '7', '3'),
(492, '201121070', 'Calcina Turpo Luz Maria', 'Cont.', 'Contabilidad', '7', '3'),
(493, '201121029', 'Calisaya Quispe Yimy Rubén', 'Cont.', 'Contabilidad', '7', '3'),
(494, '201110087', 'Condori Limachi Gladys Lidia', 'Cont.', 'Contabilidad', '7', '3'),
(495, '201011276', 'Condori Quispe Angel Estiwar', 'Cont.', 'Contabilidad', '7', '3'),
(496, '201110146', 'Cotacallapa Cama Ruth Angela', 'Cont.', 'Contabilidad', '7', '3'),
(497, '201110117', 'Fernandez Suaquita Lady Rebeca', 'Cont.', 'Contabilidad', '7', '3'),
(498, '201121057', 'Gomez Sucasaca Ivana Susi', 'Cont.', 'Contabilidad', '7', '3'),
(499, '201121093', 'Gutierrez Paredes Ivan', 'Cont.', 'Contabilidad', '7', '3'),
(500, '201121089', 'Jilaja Capia Ayde Yudith', 'Cont.', 'Contabilidad', '7', '3'),
(501, '201122341', 'Luna Mansilla Catherine', 'Cont.', 'Contabilidad', '7', '3'),
(502, '201011320', 'Luque Palomino Sintia America', 'Cont.', 'Contabilidad', '7', '3'),
(503, '201110126', 'Mamani Coaquira Lisbet Mirian', 'Cont.', 'Contabilidad', '7', '3'),
(504, '201110084', 'Mamani Pacco Hever', 'Cont.', 'Contabilidad', '7', '3'),
(505, '201121049', 'Maquera Maquera Shirley', 'Cont.', 'Contabilidad', '7', '3'),
(506, '200810254', 'Mara Mamani Hinler', 'Cont.', 'Contabilidad', '7', '3'),
(507, '201121066', 'Mayhuiry Aroni Lunancito Etherson', 'Cont.', 'Contabilidad', '7', '3'),
(508, '201121092', 'Molina Qquenta Juana', 'Cont.', 'Contabilidad', '7', '3'),
(509, '200910473', 'Paredes Valencia Ivan Herbert', 'Cont.', 'Contabilidad', '7', '3'),
(510, '201110130', 'Pari Mamani Juan Alex', 'Cont.', 'Contabilidad', '7', '3'),
(511, '201121069', 'Paricahua Zapana Yuvalit', 'Cont.', 'Contabilidad', '7', '3'),
(512, '200720464', 'Sucasaca Fernandez Marilin', 'Cont.', 'Contabilidad', '7', '3'),
(513, '201020216', 'Turpo Luque Julian Abad', 'Cont.', 'Contabilidad', '7', '3'),
(514, '201011792', 'Velasque Camala Benito', 'Cont.', 'Contabilidad', '7', '3'),
(515, '200710403', 'Vásquez Mamani César Efrain', 'Cont.', 'Contabilidad', '7', '3'),
(516, '200710390', 'Machaca Quinto Ruth', 'Cont.', 'Contabilidad', '8', 'X'),
(517, '200910475', 'Murga Alvaro Edith Erika', 'Cont.', 'Contabilidad', '8', 'X'),
(518, '201010473', 'Aguilar Julca Alain Fredy', 'Cont.', 'Contabilidad', '9', '1'),
(519, '200920627', 'Aleman Quispe Carmen', 'Cont.', 'Contabilidad', '9', '1'),
(520, '201011307', 'Apaza Challapa Noemí Lastenia', 'Cont.', 'Contabilidad', '9', '1'),
(521, '201011304', 'Cañi Carrillo Nathaly Susan', 'Cont.', 'Contabilidad', '9', '1'),
(522, '200920619', 'Calizaya Ticona Erica Yanit', 'Cont.', 'Contabilidad', '9', '1'),
(523, '200921289', 'Callasaca Casazola Marleny', 'Cont.', 'Contabilidad', '9', '1'),
(524, '201011313', 'Ccoa Mamani Marilia', 'Cont.', 'Contabilidad', '9', '1'),
(525, '201011338', 'Chambi Mayta Wilder Alfredo', 'Cont.', 'Contabilidad', '9', '1'),
(526, '200921284', 'Chambi Zapana Ruth', 'Cont.', 'Contabilidad', '9', '1'),
(527, '200310101', 'Chani Colque Percy', 'Cont.', 'Contabilidad', '9', '1'),
(528, '201011293', 'Charaña Mamani Magaly Yesenia', 'Cont.', 'Contabilidad', '9', '1'),
(529, '201011864', 'Chilón Tejada Silvia Lily', 'Cont.', 'Contabilidad', '9', '1'),
(530, '201010569', 'Chura Ramos Loida', 'Cont.', 'Contabilidad', '9', '1'),
(531, '201010556', 'Condori Araca Jose Francisco', 'Cont.', 'Contabilidad', '9', '1'),
(532, '201011330', 'Condori Centeno Liszt Rosmery', 'Cont.', 'Contabilidad', '9', '1'),
(533, '201011292', 'Contreras Aquise Antony Noe', 'Cont.', 'Contabilidad', '9', '1'),
(534, '200920624', 'Cruz Cruz Edwin Willy', 'Cont.', 'Contabilidad', '9', '1'),
(535, '201020221', 'Escobedo Mamani Barbarita', 'Cont.', 'Contabilidad', '9', '1'),
(536, '200310150', 'Espinal Ramos Juan Carlos', 'Cont.', 'Contabilidad', '9', '1'),
(537, '201020223', 'Flores Junseca Obid', 'Cont.', 'Contabilidad', '9', '1'),
(538, '201020236', 'Gilapa Quispe Dina Katherine', 'Cont.', 'Contabilidad', '9', '1'),
(539, '200921281', 'Hañari Cruz Yanet Pamela', 'Cont.', 'Contabilidad', '9', '1'),
(540, '201020209', 'Mamani Canaza Yesica', 'Cont.', 'Contabilidad', '9', '1'),
(541, '201020240', 'Mamani Ramos Dina Abigail', 'Cont.', 'Contabilidad', '9', '1'),
(542, '201020220', 'Mamani Tito Dany Ruben', 'Cont.', 'Contabilidad', '9', '1'),
(543, '201011294', 'Ortega Cañi Diana Patricia', 'Cont.', 'Contabilidad', '9', '1'),
(544, '201011336', 'Otazú Quispe Martina', 'Cont.', 'Contabilidad', '9', '1'),
(545, '201011356', 'Quispe Alvarez Maribel', 'Cont.', 'Contabilidad', '9', '1'),
(546, '200711057', 'Quispe Apaza Franklin Ulises', 'Cont.', 'Contabilidad', '9', '1'),
(547, '201020235', 'Quispe Barrantes Yenny Marisol', 'Cont.', 'Contabilidad', '9', '1'),
(548, '201020215', 'Quispe Humalla Juana Virgilia', 'Cont.', 'Contabilidad', '9', '1'),
(549, '200910520', 'Quispe Leqque Zilpa Loida', 'Cont.', 'Contabilidad', '9', '1'),
(550, '201011360', 'Quispe Vilca Yoselinda Abigail', 'Cont.', 'Contabilidad', '9', '1'),
(551, '201011378', 'Ramirez Yugra Rut Yohuana', 'Cont.', 'Contabilidad', '9', '1'),
(552, '201011371', 'Roque Coila Gilma', 'Cont.', 'Contabilidad', '9', '1'),
(553, '201020225', 'Saavedra Mamani Mirian', 'Cont.', 'Contabilidad', '9', '1'),
(554, '200820313', 'Sánchez Paredes Maribel Jessica', 'Cont.', 'Contabilidad', '9', '1'),
(555, '200910497', 'Ticona Maquera Edith Yeny', 'Cont.', 'Contabilidad', '9', '1'),
(556, '201011327', 'Yufra Ururi Medy Dulmis', 'Cont.', 'Contabilidad', '9', '1'),
(557, '200711076', 'Apaza Quispe Ivan', 'Cont.', 'Contabilidad', '9', '2'),
(558, '201011287', 'Bernales Turpo Deisy Nohemí', 'Cont.', 'Contabilidad', '9', '2'),
(559, '200810764', 'Callata Chipana Victor Hugo', 'Cont.', 'Contabilidad', '9', '2'),
(560, '200920667', 'Carita Flores Imer Adín', 'Cont.', 'Contabilidad', '9', '2'),
(561, '201010568', 'Ccuno Apaza Luz Brizayda', 'Cont.', 'Contabilidad', '9', '2'),
(562, '200720432', 'Coila Pacori Ana Veronica', 'Cont.', 'Contabilidad', '9', '2'),
(563, '201020208', 'Copa Calisaya Amilcar Elvis', 'Cont.', 'Contabilidad', '9', '2'),
(564, '201011367', 'Cutipa Sucasaire Franclin', 'Cont.', 'Contabilidad', '9', '2'),
(565, '201011372', 'Flores Huanca Eddy Aldo', 'Cont.', 'Contabilidad', '9', '2'),
(566, '201011369', 'Garcia Condori Delia Yovana', 'Cont.', 'Contabilidad', '9', '2'),
(567, '200610501', 'Hanccoccallo Pacco Roxana', 'Cont.', 'Contabilidad', '9', '2'),
(568, '201011328', 'Huaman Colca Carolin', 'Cont.', 'Contabilidad', '9', '2'),
(569, '201011350', 'Huarsaya Kala Abigail Bertha', 'Cont.', 'Contabilidad', '9', '2'),
(570, '200910345', 'Larico Paja Richard', 'Cont.', 'Contabilidad', '9', '2'),
(571, '200410592', 'Machaca Monroy Omar', 'Cont.', 'Contabilidad', '9', '2'),
(572, '201010578', 'Mamani Calcina Tania Fiorela', 'Cont.', 'Contabilidad', '9', '2'),
(573, '201121027', 'Maza Caceres Teresa Rina', 'Cont.', 'Contabilidad', '9', '2'),
(574, '200920460', 'Mendoza Villacorta Aydee', 'Cont.', 'Contabilidad', '9', '2'),
(575, '201011335', 'Orihuela Larico Jesús Ciro', 'Cont.', 'Contabilidad', '9', '2'),
(576, '201011310', 'Palomino Ccasa Noemí', 'Cont.', 'Contabilidad', '9', '2'),
(577, '201010573', 'Paredes Yana Jhon Leonar', 'Cont.', 'Contabilidad', '9', '2'),
(578, '201011337', 'Peredo Bustinza Eder Emerson', 'Cont.', 'Contabilidad', '9', '2'),
(579, '201010572', 'Quispe Coarita Fresia Michela', 'Cont.', 'Contabilidad', '9', '2'),
(580, '201010557', 'Salazar Mamani Denisse Lidia', 'Cont.', 'Contabilidad', '9', '2'),
(581, '200920673', 'Suca Quispe Yerson Grober', 'Cont.', 'Contabilidad', '9', '2'),
(582, '201011361', 'Sucaticona Cañazaca Ruth', 'Cont.', 'Contabilidad', '9', '2'),
(583, '201010744', 'Ticona Arela Yoselin Staysy', 'Cont.', 'Contabilidad', '9', '2'),
(584, '200920652', 'Ticona Condori Ludwig', 'Cont.', 'Contabilidad', '9', '2'),
(585, '201011317', 'Tipo Quispe Etna Yesica', 'Cont.', 'Contabilidad', '9', '2'),
(586, '201011868', 'Tito Betancur Madona', 'Cont.', 'Contabilidad', '9', '2'),
(587, '201011345', 'Tito Challco Jorge Luis Williams', 'Cont.', 'Contabilidad', '9', '2'),
(588, '201010565', 'Tumbillo Yucra Nilda Sonia', 'Cont.', 'Contabilidad', '9', '2'),
(589, '201010571', 'Umpiri Vilca Lisbeth Meliza', 'Cont.', 'Contabilidad', '9', '2'),
(590, '201010564', 'Vilca Gilapa Edward Benito', 'Cont.', 'Contabilidad', '9', '2'),
(591, '200210573', 'Mamani Zapana Elber', 'Cont.', 'Contabilidad', '10', 'X'),
(592, '201121730', 'Pari Mamani Sonia Verónica', 'Cont Ges Proes Jul', 'Contabilidad y Gestión Tributaria PROESAD', '3', 'X'),
(593, '200720014', 'Linares Vilca Zoila Carmen', 'Cont Ges Proes Jul', 'Contabilidad y Gestión Tributaria PROESAD', '5', 'X'),
(594, '200210863', 'Salluca Añamuro Giuly Jackeline', 'Cont Ges Proes Jul', 'Contabilidad y Gestión Tributaria PROESAD', '5', 'X'),
(595, '9810235', 'Quispe Calsin Hilda Alicia', 'Cont. -Proesad-Jul.', 'Contabilidad', '7', 'X'),
(596, '9410555', 'Apaza  Arapa Miriam Antonieta', 'Cont. -Proesad-Jul.', 'Contabilidad', '9', 'X'),
(597, '200510022', 'Quispe Vilca Sonia', 'Cont. -Proesad-Jul.', 'Contabilidad', '9', 'X'),
(598, '201011509', 'Ticona Vargas Silvia Karina', 'Cont. -Proesad-Jul.', 'Contabilidad', '9', 'X'),
(599, '201421183', 'Abado Mamani Rosalia', 'Cont.Gest', 'Contabilidad y Gestión Tributaria', '1', '1'),
(600, '201421166', 'Abanto Murrieta Mikoma Trishell', 'Cont.Gest', 'Contabilidad y Gestión Tributaria', '1', '1'),
(601, '201321377', 'Alca Apaza Karen Noemi', 'Cont.Gest', 'Contabilidad y Gestión Tributaria', '1', '1'),
(602, '201421168', 'Alejo Quispe Luz Zenayda', 'Cont.Gest', 'Contabilidad y Gestión Tributaria', '1', '1'),
(603, '201210083', 'Apaza Calla Daniel Humberto', 'Cont.Gest', 'Contabilidad y Gestión Tributaria', '1', '1'),
(604, '201410707', 'Arroyo Sutta Maritza Del Rosario', 'Cont.Gest', 'Contabilidad y Gestión Tributaria', '1', '1'),
(605, '201410254', 'Cahuana Cuti Daniel Eduardo', 'Cont.Gest', 'Contabilidad y Gestión Tributaria', '1', '1'),
(606, '201410686', 'Cama Luque Luz Noemi', 'Cont.Gest', 'Contabilidad y Gestión Tributaria', '1', '1'),
(607, '201323223', 'Cardenas Tito Aleli', 'Cont.Gest', 'Contabilidad y Gestión Tributaria', '1', '1'),
(608, '201421178', 'Challa Salhua Dina Luz', 'Cont.Gest', 'Contabilidad y Gestión Tributaria', '1', '1'),
(609, '201421210', 'Charca Machaca Jose Luis', 'Cont.Gest', 'Contabilidad y Gestión Tributaria', '1', '1'),
(610, '201410687', 'Choque Mamani Anderson', 'Cont.Gest', 'Contabilidad y Gestión Tributaria', '1', '1'),
(611, '201410677', 'Cutipa Apaza Nohi Lyn Betsayda', 'Cont.Gest', 'Contabilidad y Gestión Tributaria', '1', '1'),
(612, '201410703', 'Graneros Quispe Katherin Paola', 'Cont.Gest', 'Contabilidad y Gestión Tributaria', '1', '1'),
(613, '201421240', 'Guzman Lucana Selmira', 'Cont.Gest', 'Contabilidad y Gestión Tributaria', '1', '1'),
(614, '201410697', 'Hancco Ramos Belinda Euphemia', 'Cont.Gest', 'Contabilidad y Gestión Tributaria', '1', '1'),
(615, '201222070', 'Huanca Choque Eli', 'Cont.Gest', 'Contabilidad y Gestión Tributaria', '1', '1'),
(616, '201410680', 'Huanca Chupa Ruth Judith', 'Cont.Gest', 'Contabilidad y Gestión Tributaria', '1', '1'),
(617, '201410708', 'Huancollo Estofanero Eddie Luz', 'Cont.Gest', 'Contabilidad y Gestión Tributaria', '1', '1'),
(618, '201421228', 'Huillca Catunta Michel', 'Cont.Gest', 'Contabilidad y Gestión Tributaria', '1', '1'),
(619, '201421191', 'Inofuente Quilca Ivan', 'Cont.Gest', 'Contabilidad y Gestión Tributaria', '1', '1'),
(620, '201323245', 'Layme Crispin Lizbeth', 'Cont.Gest', 'Contabilidad y Gestión Tributaria', '1', '1'),
(621, '201421222', 'Lerma Hañari Lizzet Fiorela', 'Cont.Gest', 'Contabilidad y Gestión Tributaria', '1', '1'),
(622, '201410672', 'Lima Huamani Obdulia', 'Cont.Gest', 'Contabilidad y Gestión Tributaria', '1', '1'),
(623, '201410690', 'Luque Huancapaza Wendy', 'Cont.Gest', 'Contabilidad y Gestión Tributaria', '1', '1'),
(624, '201410699', 'Mamani Yanarico Jheydie Meldy', 'Cont.Gest', 'Contabilidad y Gestión Tributaria', '1', '1'),
(625, '201421198', 'Mayhuiri Chinchercoma Roger Cornelio', 'Cont.Gest', 'Contabilidad y Gestión Tributaria', '1', '1'),
(626, '201410683', 'Molina Sacaca David Samuel', 'Cont.Gest', 'Contabilidad y Gestión Tributaria', '1', '1'),
(627, '201321444', 'Mollapaza Estofanero Luis Angel', 'Cont.Gest', 'Contabilidad y Gestión Tributaria', '1', '1'),
(628, '201421211', 'Orihuela Larico Vaneza', 'Cont.Gest', 'Contabilidad y Gestión Tributaria', '1', '1'),
(629, '201321378', 'Pacco Colque Wilfredo Dany', 'Cont.Gest', 'Contabilidad y Gestión Tributaria', '1', '1'),
(630, '201410713', 'Quico Thea Mirian Liliana', 'Cont.Gest', 'Contabilidad y Gestión Tributaria', '1', '1'),
(631, '201410709', 'Quispe Mamani Monica', 'Cont.Gest', 'Contabilidad y Gestión Tributaria', '1', '1'),
(632, '201410706', 'Quispe Mamani Willy Gonzalo', 'Cont.Gest', 'Contabilidad y Gestión Tributaria', '1', '1'),
(633, '201323246', 'Quispe Quispe Lilian Yanira', 'Cont.Gest', 'Contabilidad y Gestión Tributaria', '1', '1'),
(634, '201221072', 'Quispe Viamonte Yuli Milagros', 'Cont.Gest', 'Contabilidad y Gestión Tributaria', '1', '1'),
(635, '201410693', 'Ramirez Choque Shamy Shelen', 'Cont.Gest', 'Contabilidad y Gestión Tributaria', '1', '1'),
(636, '201421201', 'Rodrigo Hilasaca Miriam  Yomira', 'Cont.Gest', 'Contabilidad y Gestión Tributaria', '1', '1'),
(637, '201410695', 'Velasquez Coaquira Ana Keren', 'Cont.Gest', 'Contabilidad y Gestión Tributaria', '1', '1'),
(638, '201421218', 'Vilca Yana Paola Emily', 'Cont.Gest', 'Contabilidad y Gestión Tributaria', '1', '1'),
(639, '201421175', 'Yucra Casilla Yeny Erika', 'Cont.Gest', 'Contabilidad y Gestión Tributaria', '1', '1'),
(640, '201421187', 'Zea Jara Carmen Mercedes', 'Cont.Gest', 'Contabilidad y Gestión Tributaria', '1', '1'),
(641, '201410675', 'Apaza Carcausto Dammert', 'Cont.Gest', 'Contabilidad y Gestión Tributaria', '1', '2'),
(642, '201421180', 'Aquino Humpire Fredy Horlando', 'Cont.Gest', 'Contabilidad y Gestión Tributaria', '1', '2'),
(643, '201421181', 'Arias Aquino Angel Yemi', 'Cont.Gest', 'Contabilidad y Gestión Tributaria', '1', '2'),
(644, '201421226', 'Astete Quispe Yenifer', 'Cont.Gest', 'Contabilidad y Gestión Tributaria', '1', '2'),
(645, '201410682', 'Calcina Mamani Jose Victor', 'Cont.Gest', 'Contabilidad y Gestión Tributaria', '1', '2'),
(646, '201410689', 'Castro Yerba Veronica Mischell', 'Cont.Gest', 'Contabilidad y Gestión Tributaria', '1', '2'),
(647, '201421185', 'Cayo Alvarez Mayte', 'Cont.Gest', 'Contabilidad y Gestión Tributaria', '1', '2'),
(648, '200511140', 'Ccaza Ccari Esther Noemí', 'Cont.Gest', 'Contabilidad y Gestión Tributaria', '1', '2'),
(649, '201410685', 'Churata Chambi Sara', 'Cont.Gest', 'Contabilidad y Gestión Tributaria', '1', '2'),
(650, '201421188', 'Condori Sinty Tania Yamileth', 'Cont.Gest', 'Contabilidad y Gestión Tributaria', '1', '2'),
(651, '201421204', 'Cruz Aquino Arnaldo', 'Cont.Gest', 'Contabilidad y Gestión Tributaria', '1', '2'),
(652, '201421259', 'Cuadros Vasquez Elvis Edwin', 'Cont.Gest', 'Contabilidad y Gestión Tributaria', '1', '2'),
(653, '201410676', 'Enriquez Quispe Yenny Esteffany', 'Cont.Gest', 'Contabilidad y Gestión Tributaria', '1', '2'),
(654, '201410256', 'Espinal Ramos Gadiael Eli', 'Cont.Gest', 'Contabilidad y Gestión Tributaria', '1', '2'),
(655, '201421462', 'Gallegos Chaiña Lizbeth Karina', 'Cont.Gest', 'Contabilidad y Gestión Tributaria', '1', '2'),
(656, '201410704', 'Hanampa Cayllahua Nayrut', 'Cont.Gest', 'Contabilidad y Gestión Tributaria', '1', '2'),
(657, '201421171', 'Huamantoma Simon Cesia Adelia', 'Cont.Gest', 'Contabilidad y Gestión Tributaria', '1', '2'),
(658, '201410698', 'Infanzon Mamani Mary Luz', 'Cont.Gest', 'Contabilidad y Gestión Tributaria', '1', '2'),
(659, '201421220', 'Jallahui Duran Joel', 'Cont.Gest', 'Contabilidad y Gestión Tributaria', '1', '2'),
(660, '201421186', 'Larico Beato Luz  Daniela', 'Cont.Gest', 'Contabilidad y Gestión Tributaria', '1', '2'),
(661, '201410681', 'Lima Lipa Peter', 'Cont.Gest', 'Contabilidad y Gestión Tributaria', '1', '2'),
(662, '201421203', 'Lipa Gonzales Nory', 'Cont.Gest', 'Contabilidad y Gestión Tributaria', '1', '2'),
(663, '201421192', 'Livisi Huaman Denis Luhordes', 'Cont.Gest', 'Contabilidad y Gestión Tributaria', '1', '2'),
(664, '201323230', 'Loayza Quispe Gloria Liz Stefanny', 'Cont.Gest', 'Contabilidad y Gestión Tributaria', '1', '2'),
(665, '201410674', 'Pantigoso Puraca Edel Naara', 'Cont.Gest', 'Contabilidad y Gestión Tributaria', '1', '2'),
(666, '201421213', 'Pari Quispe Carmen Edith', 'Cont.Gest', 'Contabilidad y Gestión Tributaria', '1', '2'),
(667, '201410692', 'Quispe Aguilar Marcos Salomon', 'Cont.Gest', 'Contabilidad y Gestión Tributaria', '1', '2'),
(668, '201421199', 'Quispe Canqui Antony Rodney', 'Cont.Gest', 'Contabilidad y Gestión Tributaria', '1', '2'),
(669, '201410691', 'Quispe Quispe Rosa Merlyn', 'Cont.Gest', 'Contabilidad y Gestión Tributaria', '1', '2'),
(670, '201421184', 'Quispe Yana Sandra Esther', 'Cont.Gest', 'Contabilidad y Gestión Tributaria', '1', '2'),
(671, '201410701', 'Ramirez Ramirez Fiorella', 'Cont.Gest', 'Contabilidad y Gestión Tributaria', '1', '2'),
(672, '201323233', 'Sumari Arapa Mileny', 'Cont.Gest', 'Contabilidad y Gestión Tributaria', '1', '2'),
(673, '201421232', 'Tola Ccolque Jair Maximo', 'Cont.Gest', 'Contabilidad y Gestión Tributaria', '1', '2'),
(674, '201421223', 'Trujillo Mamani Yenny Cintia', 'Cont.Gest', 'Contabilidad y Gestión Tributaria', '1', '2'),
(675, '201421234', 'Umiña Quispe Elizabeth  Flor', 'Cont.Gest', 'Contabilidad y Gestión Tributaria', '1', '2'),
(676, '201421239', 'Altamirano Ortiz Cristian Gaston', 'Cont.Gest', 'Contabilidad y Gestión Tributaria', '1', '3'),
(677, '201421455', 'Apaza Condori Semer Hidalgo', 'Cont.Gest', 'Contabilidad y Gestión Tributaria', '1', '3'),
(678, '201421176', 'Apaza Ramos Yulisa Hayde', 'Cont.Gest', 'Contabilidad y Gestión Tributaria', '1', '3'),
(679, '201421182', 'Apaza Sosa Yessenia Mayra', 'Cont.Gest', 'Contabilidad y Gestión Tributaria', '1', '3'),
(680, '201421177', 'Aquino Condori Wilber Jacob', 'Cont.Gest', 'Contabilidad y Gestión Tributaria', '1', '3'),
(681, '201410266', 'Bautista Vargas Cayco', 'Cont.Gest', 'Contabilidad y Gestión Tributaria', '1', '3'),
(682, '201421173', 'Bernales Turpo Marlon David', 'Cont.Gest', 'Contabilidad y Gestión Tributaria', '1', '3'),
(683, '201421179', 'Caceres Mamani Betzabeth Beatriz', 'Cont.Gest', 'Contabilidad y Gestión Tributaria', '1', '3'),
(684, '201421216', 'Canaza Machaca Mary Luz', 'Cont.Gest', 'Contabilidad y Gestión Tributaria', '1', '3'),
(685, '201421172', 'Cansaya Yucra Guisell Soledad', 'Cont.Gest', 'Contabilidad y Gestión Tributaria', '1', '3'),
(686, '201421254', 'Castillo Coronel Leticia', 'Cont.Gest', 'Contabilidad y Gestión Tributaria', '1', '3'),
(687, '201421214', 'Colque Hancco Wilian Arnaldo', 'Cont.Gest', 'Contabilidad y Gestión Tributaria', '1', '3'),
(688, '201122630', 'Condori Sacsahuillca José Carlos Manuel', 'Cont.Gest', 'Contabilidad y Gestión Tributaria', '1', '3'),
(689, '201220441', 'Escobedo Enciso Alexandra Adriana', 'Cont.Gest', 'Contabilidad y Gestión Tributaria', '1', '3'),
(690, '201421169', 'Huanca Chavez Julio Cesar', 'Cont.Gest', 'Contabilidad y Gestión Tributaria', '1', '3'),
(691, '201421225', 'Jallurana Poma Jackeline Sheyla', 'Cont.Gest', 'Contabilidad y Gestión Tributaria', '1', '3'),
(692, '201121205', 'Larico Huancara Carlos Salvador', 'Cont.Gest', 'Contabilidad y Gestión Tributaria', '1', '3'),
(693, '201421195', 'Larico Huancara Luis Saul', 'Cont.Gest', 'Contabilidad y Gestión Tributaria', '1', '3'),
(694, '201410684', 'Limachi Coaquira Juan David', 'Cont.Gest', 'Contabilidad y Gestión Tributaria', '1', '3'),
(695, '201421244', 'Luna Cayo Yhon', 'Cont.Gest', 'Contabilidad y Gestión Tributaria', '1', '3'),
(696, '201421230', 'Luna Mullisaca Mary Luz', 'Cont.Gest', 'Contabilidad y Gestión Tributaria', '1', '3'),
(697, '201421224', 'Machaca Paco Jorge Armando', 'Cont.Gest', 'Contabilidad y Gestión Tributaria', '1', '3'),
(698, '201421202', 'Machaca Quispe Luzmila', 'Cont.Gest', 'Contabilidad y Gestión Tributaria', '1', '3'),
(699, '201410710', 'Mamani Coaquira Eddy Yefer', 'Cont.Gest', 'Contabilidad y Gestión Tributaria', '1', '3'),
(700, '201421170', 'Meza Revatta Francis', 'Cont.Gest', 'Contabilidad y Gestión Tributaria', '1', '3'),
(701, '201421196', 'Pancorbo Huarsocca Yain Rebeca', 'Cont.Gest', 'Contabilidad y Gestión Tributaria', '1', '3'),
(702, '201421248', 'Peñaloza Hualpa Milton Pablo', 'Cont.Gest', 'Contabilidad y Gestión Tributaria', '1', '3'),
(703, '201410678', 'Puma Siccos Sonia Yasmina', 'Cont.Gest', 'Contabilidad y Gestión Tributaria', '1', '3'),
(704, '201321393', 'Quiro Marron Betsy Luz', 'Cont.Gest', 'Contabilidad y Gestión Tributaria', '1', '3'),
(705, '201421174', 'Quispe Chino Silvia Yudyt', 'Cont.Gest', 'Contabilidad y Gestión Tributaria', '1', '3'),
(706, '201421221', 'Quispe Lupaca Cecilia Natividad', 'Cont.Gest', 'Contabilidad y Gestión Tributaria', '1', '3'),
(707, '200410454', 'Quispe Musaja David', 'Cont.Gest', 'Contabilidad y Gestión Tributaria', '1', '3'),
(708, '201421205', 'Ramos Mamani Luz Milagros', 'Cont.Gest', 'Contabilidad y Gestión Tributaria', '1', '3'),
(709, '201421231', 'Sanca Apaza Mireyra Fiorela', 'Cont.Gest', 'Contabilidad y Gestión Tributaria', '1', '3'),
(710, '201323240', 'Sicos Puma Celia', 'Cont.Gest', 'Contabilidad y Gestión Tributaria', '1', '3'),
(711, '201421235', 'Torres Carita Jersy Martín', 'Cont.Gest', 'Contabilidad y Gestión Tributaria', '1', '3'),
(712, '201421200', 'Vilcapaza Ccoa Jessineth', 'Cont.Gest', 'Contabilidad y Gestión Tributaria', '1', '3'),
(713, '201421251', 'Zamudio Yana Rene Alexander', 'Cont.Gest', 'Contabilidad y Gestión Tributaria', '1', '3'),
(714, '201410702', 'Ancco Ramirez Ruth Reyna', 'Cont.Gest', 'Contabilidad y Gestión Tributaria', '1', '4'),
(715, '201421252', 'Apaza Quispe Analy Melania', 'Cont.Gest', 'Contabilidad y Gestión Tributaria', '1', '4'),
(716, '201421454', 'Chambi Aguilar Marina', 'Cont.Gest', 'Contabilidad y Gestión Tributaria', '1', '4'),
(717, '201421249', 'Chura Acho Doriz Maribel', 'Cont.Gest', 'Contabilidad y Gestión Tributaria', '1', '4'),
(718, '201220913', 'Condori Calla Jayme Beto', 'Cont.Gest', 'Contabilidad y Gestión Tributaria', '1', '4'),
(719, '201421209', 'Cruz Aquino Socrates', 'Cont.Gest', 'Contabilidad y Gestión Tributaria', '1', '4'),
(720, '201220910', 'Flores Castillo Mirian Lizbeth', 'Cont.Gest', 'Contabilidad y Gestión Tributaria', '1', '4'),
(721, '201421255', 'Jaqquehua Quispe Ruth', 'Cont.Gest', 'Contabilidad y Gestión Tributaria', '1', '4'),
(722, '201421197', 'Luna Cayo Bladimir', 'Cont.Gest', 'Contabilidad y Gestión Tributaria', '1', '4'),
(723, '201421227', 'Mamani Cardenas Roy  Denis', 'Cont.Gest', 'Contabilidad y Gestión Tributaria', '1', '4'),
(724, '201410705', 'Mamani Chambilla Milagros', 'Cont.Gest', 'Contabilidad y Gestión Tributaria', '1', '4'),
(725, '201421208', 'Miranda Estofanero Claraluz', 'Cont.Gest', 'Contabilidad y Gestión Tributaria', '1', '4'),
(726, '201421212', 'Moya Mamani Luz Mery', 'Cont.Gest', 'Contabilidad y Gestión Tributaria', '1', '4'),
(727, '201421253', 'Muñoz Soncco Sonia', 'Cont.Gest', 'Contabilidad y Gestión Tributaria', '1', '4'),
(728, '201421247', 'Ortiz Limachi Araceli Glenny', 'Cont.Gest', 'Contabilidad y Gestión Tributaria', '1', '4'),
(729, '201323194', 'Paccori Zapana Reimer Elvis', 'Cont.Gest', 'Contabilidad y Gestión Tributaria', '1', '4'),
(730, '201221137', 'Quecara Apaza Juan Carlos', 'Cont.Gest', 'Contabilidad y Gestión Tributaria', '1', '4'),
(731, '201323249', 'Quijhua Champi Juan Jose', 'Cont.Gest', 'Contabilidad y Gestión Tributaria', '1', '4'),
(732, '201421207', 'Quilluya Quispe Lizeth Yuliana', 'Cont.Gest', 'Contabilidad y Gestión Tributaria', '1', '4'),
(733, '201421194', 'Quispe Arapa Saul Noe', 'Cont.Gest', 'Contabilidad y Gestión Tributaria', '1', '4'),
(734, '201421167', 'Quispe Ayamamani Lin Carmen', 'Cont.Gest', 'Contabilidad y Gestión Tributaria', '1', '4'),
(735, '201421257', 'Quispe Gonza Joseph Michelson', 'Cont.Gest', 'Contabilidad y Gestión Tributaria', '1', '4'),
(736, '201421256', 'Quispe Pampa Edsson', 'Cont.Gest', 'Contabilidad y Gestión Tributaria', '1', '4'),
(737, '201421215', 'Quispe Quispe Diana Estephani', 'Cont.Gest', 'Contabilidad y Gestión Tributaria', '1', '4'),
(738, '201410700', 'Quispe Tilca Yanet', 'Cont.Gest', 'Contabilidad y Gestión Tributaria', '1', '4'),
(739, '201421461', 'Roque Garay Zoraida', 'Cont.Gest', 'Contabilidad y Gestión Tributaria', '1', '4'),
(740, '201421193', 'Ruelas Cari Yomira', 'Cont.Gest', 'Contabilidad y Gestión Tributaria', '1', '4'),
(741, '201421237', 'Terrones Salcedo Lucero', 'Cont.Gest', 'Contabilidad y Gestión Tributaria', '1', '4'),
(742, '201421246', 'Ticona Luque Katerine', 'Cont.Gest', 'Contabilidad y Gestión Tributaria', '1', '4'),
(743, '201421241', 'Tito Lopez Yanet', 'Cont.Gest', 'Contabilidad y Gestión Tributaria', '1', '4'),
(744, '201410648', 'Turpo Añasco Fulgencio Gerardo', 'Cont.Gest', 'Contabilidad y Gestión Tributaria', '1', '4'),
(745, '201421236', 'Vilca Arizaca Rosa Elvira', 'Cont.Gest', 'Contabilidad y Gestión Tributaria', '1', '4'),
(746, '201421099', 'Vilca Mayta Elizabeth', 'Cont.Gest', 'Contabilidad y Gestión Tributaria', '1', '4'),
(747, '201010463', 'Yanqui Turpo Dennys Ubaldo', 'Cont.Gest', 'Contabilidad y Gestión Tributaria', '1', '4'),
(748, '201421217', 'Zapana Aquise Ever', 'Cont.Gest', 'Contabilidad y Gestión Tributaria', '1', '4'),
(749, '201421219', 'Zarabia Quispe Ronaldo Josep', 'Cont.Gest', 'Contabilidad y Gestión Tributaria', '1', '4'),
(750, '201310670', 'Aguilar Patricio Yessenia Diane', 'Cont.Gest', 'Contabilidad y Gestión Tributaria', '3', '1'),
(751, '201220249', 'Ali Ticona Tania Ruby', 'Cont.Gest', 'Contabilidad y Gestión Tributaria', '3', '1'),
(752, '201321445', 'Apaza Carita Zeyla Secia', 'Cont.Gest', 'Contabilidad y Gestión Tributaria', '3', '1'),
(753, '201321389', 'Aroquipa Challapa Marisol', 'Cont.Gest', 'Contabilidad y Gestión Tributaria', '3', '1'),
(754, '201310758', 'Ayala Cori Boris Darwin', 'Cont.Gest', 'Contabilidad y Gestión Tributaria', '3', '1'),
(755, '201221076', 'Calcina Zamata Yonatan Hugo', 'Cont.Gest', 'Contabilidad y Gestión Tributaria', '3', '1'),
(756, '201321443', 'Cari Zapata Emilio Ronald', 'Cont.Gest', 'Contabilidad y Gestión Tributaria', '3', '1'),
(757, '201310661', 'Carrizales Salazar Edith Sandy', 'Cont.Gest', 'Contabilidad y Gestión Tributaria', '3', '1'),
(758, '201310666', 'Ccosi Sucapuca Katherine Jennifer', 'Cont.Gest', 'Contabilidad y Gestión Tributaria', '3', '1'),
(759, '201321263', 'Challa Quispe Ana Maria', 'Cont.Gest', 'Contabilidad y Gestión Tributaria', '3', '1'),
(760, '200810787', 'Checmapoco Calsina Yanet Noemí', 'Cont.Gest', 'Contabilidad y Gestión Tributaria', '3', '1'),
(761, '201221313', 'Chullo Paco Margot Elvira', 'Cont.Gest', 'Contabilidad y Gestión Tributaria', '3', '1'),
(762, '201310657', 'Condori Loayza Edgar Samuel', 'Cont.Gest', 'Contabilidad y Gestión Tributaria', '3', '1'),
(763, '201310682', 'Condori Thupa Raquel', 'Cont.Gest', 'Contabilidad y Gestión Tributaria', '3', '1'),
(764, '201321405', 'Cusacani Sayra John Manuel', 'Cont.Gest', 'Contabilidad y Gestión Tributaria', '3', '1'),
(765, '201321965', 'Huayllani Suca Diany Edsan', 'Cont.Gest', 'Contabilidad y Gestión Tributaria', '3', '1'),
(766, '201310678', 'Mamani Huarachi Genovia', 'Cont.Gest', 'Contabilidad y Gestión Tributaria', '3', '1'),
(767, '201310683', 'Mamani Luque Jennifer', 'Cont.Gest', 'Contabilidad y Gestión Tributaria', '3', '1'),
(768, '201310676', 'Mamani Ticona Norma Cladiz', 'Cont.Gest', 'Contabilidad y Gestión Tributaria', '3', '1'),
(769, '201222155', 'Monrroy Huaman Juan Rogelio', 'Cont.Gest', 'Contabilidad y Gestión Tributaria', '3', '1'),
(770, '201310674', 'Morales Ccahuana Mayco Braunleer', 'Cont.Gest', 'Contabilidad y Gestión Tributaria', '3', '1'),
(771, '201310668', 'Pariguana Castillo Paola Aurora', 'Cont.Gest', 'Contabilidad y Gestión Tributaria', '3', '1'),
(772, '201221088', 'Pilco Sucacahua Betsi Mirian', 'Cont.Gest', 'Contabilidad y Gestión Tributaria', '3', '1'),
(773, '201321426', 'Quispe Condori Erika', 'Cont.Gest', 'Contabilidad y Gestión Tributaria', '3', '1'),
(774, '200611360', 'Quispe Muñiz René Holaf', 'Cont.Gest', 'Contabilidad y Gestión Tributaria', '3', '1'),
(775, '201321423', 'Quispe Quispe Nimer Rafael', 'Cont.Gest', 'Contabilidad y Gestión Tributaria', '3', '1'),
(776, '201310687', 'Suasaca Suasaca Ruth Noemi', 'Cont.Gest', 'Contabilidad y Gestión Tributaria', '3', '1'),
(777, '201310690', 'Sucasaca Mamani Zabeida Judith', 'Cont.Gest', 'Contabilidad y Gestión Tributaria', '3', '1'),
(778, '201321442', 'Ticona Gallegos Brenda Nerida', 'Cont.Gest', 'Contabilidad y Gestión Tributaria', '3', '1'),
(779, '201310660', 'Ticona Pinto Karen Li', 'Cont.Gest', 'Contabilidad y Gestión Tributaria', '3', '1'),
(780, '201220258', 'Vilavila Sumari Ronald', 'Cont.Gest', 'Contabilidad y Gestión Tributaria', '3', '1'),
(781, '201321399', 'Vilca Quispe Benilda', 'Cont.Gest', 'Contabilidad y Gestión Tributaria', '3', '1'),
(782, '201222147', 'Apaza Coanqui Helder', 'Cont.Gest', 'Contabilidad y Gestión Tributaria', '3', '2'),
(783, '201321384', 'Apaza Conde Mirian', 'Cont.Gest', 'Contabilidad y Gestión Tributaria', '3', '2'),
(784, '201321431', 'Apaza Samillán Omar', 'Cont.Gest', 'Contabilidad y Gestión Tributaria', '3', '2'),
(785, '201321392', 'Ascuña Mamani Luis Miguel', 'Cont.Gest', 'Contabilidad y Gestión Tributaria', '3', '2'),
(786, '201310686', 'Calapuja Ticona Lisbeth Yadira', 'Cont.Gest', 'Contabilidad y Gestión Tributaria', '3', '2'),
(787, '201321376', 'Ccamaque Merma Miriam Ruth', 'Cont.Gest', 'Contabilidad y Gestión Tributaria', '3', '2'),
(788, '201321429', 'Choquehuanca Quispe María Angelica', 'Cont.Gest', 'Contabilidad y Gestión Tributaria', '3', '2'),
(789, '201321415', 'Coapaza Gallegos Jéssica Estefany', 'Cont.Gest', 'Contabilidad y Gestión Tributaria', '3', '2'),
(790, '201310680', 'Córdova Vásquez Edin Javier', 'Cont.Gest', 'Contabilidad y Gestión Tributaria', '3', '2'),
(791, '201310671', 'Cutipa Sosa Dánery', 'Cont.Gest', 'Contabilidad y Gestión Tributaria', '3', '2'),
(792, '201321441', 'Flores Cuba Yames Rajid', 'Cont.Gest', 'Contabilidad y Gestión Tributaria', '3', '2'),
(793, '201321394', 'Gómez Villalba Yeny Herlinda', 'Cont.Gest', 'Contabilidad y Gestión Tributaria', '3', '2'),
(794, '201321422', 'Huaman Amao Luz Marina', 'Cont.Gest', 'Contabilidad y Gestión Tributaria', '3', '2'),
(795, '201321375', 'Huillca Lima Nilda', 'Cont.Gest', 'Contabilidad y Gestión Tributaria', '3', '2'),
(796, '201122638', 'Luque Caceres Krismay Mayumi', 'Cont.Gest', 'Contabilidad y Gestión Tributaria', '3', '2'),
(797, '200511198', 'Mamani Chira Marleny', 'Cont.Gest', 'Contabilidad y Gestión Tributaria', '3', '2'),
(798, '201221125', 'Mamani Felipe Boris Eliafaf', 'Cont.Gest', 'Contabilidad y Gestión Tributaria', '3', '2'),
(799, '201210045', 'Mamani Ttito Anabel', 'Cont.Gest', 'Contabilidad y Gestión Tributaria', '3', '2'),
(800, '201321439', 'Mamani Yucra Aner Franclin', 'Cont.Gest', 'Contabilidad y Gestión Tributaria', '3', '2'),
(801, '201321404', 'Panca Apaza Paola Anyela', 'Cont.Gest', 'Contabilidad y Gestión Tributaria', '3', '2'),
(802, '201321421', 'Puma Quispe Melisa Patricia', 'Cont.Gest', 'Contabilidad y Gestión Tributaria', '3', '2'),
(803, '201321420', 'Quispe Chambi Sandra Haydee', 'Cont.Gest', 'Contabilidad y Gestión Tributaria', '3', '2'),
(804, '201321400', 'Quispe Yucra Vladimir', 'Cont.Gest', 'Contabilidad y Gestión Tributaria', '3', '2'),
(805, '201222157', 'Sucasaca Adco Sandra Yaneth', 'Cont.Gest', 'Contabilidad y Gestión Tributaria', '3', '2'),
(806, '201321387', 'Tipo Huahuacondori Alex Ramilio', 'Cont.Gest', 'Contabilidad y Gestión Tributaria', '3', '2'),
(807, '201221139', 'Tipo Turpo Liv Leydi', 'Cont.Gest', 'Contabilidad y Gestión Tributaria', '3', '2'),
(808, '201221116', 'Tito Mamani Ruth Roxana', 'Cont.Gest', 'Contabilidad y Gestión Tributaria', '3', '2'),
(809, '201321381', 'Yanarico Juli Brigethz Lucero', 'Cont.Gest', 'Contabilidad y Gestión Tributaria', '3', '2'),
(810, '201321434', 'Yauri Yancachajlla Evelyn Karina', 'Cont.Gest', 'Contabilidad y Gestión Tributaria', '3', '2'),
(811, '201321382', 'Aguilar Ccama Erika Roscio', 'Cont.Gest', 'Contabilidad y Gestión Tributaria', '3', '3'),
(812, '201321401', 'Aracayo Valencia Patricio', 'Cont.Gest', 'Contabilidad y Gestión Tributaria', '3', '3'),
(813, '201321413', 'Aragon Ynga Flor De Maria', 'Cont.Gest', 'Contabilidad y Gestión Tributaria', '3', '3'),
(814, '201321390', 'Ascona Tapara Estefany', 'Cont.Gest', 'Contabilidad y Gestión Tributaria', '3', '3'),
(815, '201321407', 'Collanqui Mamani Ronny David', 'Cont.Gest', 'Contabilidad y Gestión Tributaria', '3', '3'),
(816, '201321403', 'Estofanero Neyra Alexander', 'Cont.Gest', 'Contabilidad y Gestión Tributaria', '3', '3'),
(817, '201321411', 'Hilasaca Lima Erika Silvia', 'Cont.Gest', 'Contabilidad y Gestión Tributaria', '3', '3'),
(818, '201321371', 'Huarcaya Quilla Wilber Leandro', 'Cont.Gest', 'Contabilidad y Gestión Tributaria', '3', '3'),
(819, '201310655', 'Jara Ruiz Lesly', 'Cont.Gest', 'Contabilidad y Gestión Tributaria', '3', '3'),
(820, '201321412', 'Larico Apaza Marisol', 'Cont.Gest', 'Contabilidad y Gestión Tributaria', '3', '3'),
(821, '201222154', 'Lima Quispe Elar Ronet', 'Cont.Gest', 'Contabilidad y Gestión Tributaria', '3', '3'),
(822, '201321424', 'Lucana Pomaccola Ruth', 'Cont.Gest', 'Contabilidad y Gestión Tributaria', '3', '3'),
(823, '201321425', 'Mamani Carrizales Gleny', 'Cont.Gest', 'Contabilidad y Gestión Tributaria', '3', '3'),
(824, '201310681', 'Mamani Coaquira Yessica Ivonne', 'Cont.Gest', 'Contabilidad y Gestión Tributaria', '3', '3'),
(825, '201321408', 'Mamani Gil Yakelyn Fanny', 'Cont.Gest', 'Contabilidad y Gestión Tributaria', '3', '3'),
(826, '201321406', 'Puma Puma Juan Anderson', 'Cont.Gest', 'Contabilidad y Gestión Tributaria', '3', '3'),
(827, '201310665', 'Quispe Apaza Leydy Elizabeth', 'Cont.Gest', 'Contabilidad y Gestión Tributaria', '3', '3'),
(828, '201321380', 'Quispe Ccoa Luz', 'Cont.Gest', 'Contabilidad y Gestión Tributaria', '3', '3'),
(829, '201321379', 'Quispe Centeno Julia Karem', 'Cont.Gest', 'Contabilidad y Gestión Tributaria', '3', '3'),
(830, '201222149', 'Quispe Mormontoy Wilfredo', 'Cont.Gest', 'Contabilidad y Gestión Tributaria', '3', '3'),
(831, '201310656', 'Quispe Soto Mónica', 'Cont.Gest', 'Contabilidad y Gestión Tributaria', '3', '3'),
(832, '201321388', 'Quispe Zapana Beatriz', 'Cont.Gest', 'Contabilidad y Gestión Tributaria', '3', '3'),
(833, '201321416', 'Saavedra Cauna Rony Ronald', 'Cont.Gest', 'Contabilidad y Gestión Tributaria', '3', '3'),
(834, '201310663', 'Salas Ccoa Jhensy Leonidas', 'Cont.Gest', 'Contabilidad y Gestión Tributaria', '3', '3'),
(835, '201321436', 'Sancho Lopez Emiliana', 'Cont.Gest', 'Contabilidad y Gestión Tributaria', '3', '3'),
(836, '201321395', 'Sucapuca Apaza Judith Libertad', 'Cont.Gest', 'Contabilidad y Gestión Tributaria', '3', '3'),
(837, '201310642', 'Sullca Huanca Yesica', 'Cont.Gest', 'Contabilidad y Gestión Tributaria', '3', '3'),
(838, '201121341', 'Supho Hacho Daniela', 'Cont.Gest', 'Contabilidad y Gestión Tributaria', '3', '3'),
(839, '201321430', 'Ticona Quispe Denis David', 'Cont.Gest', 'Contabilidad y Gestión Tributaria', '3', '3'),
(840, '201321397', 'Yanarico Yucra Richard', 'Cont.Gest', 'Contabilidad y Gestión Tributaria', '3', '3'),
(841, '201323244', 'Acarapi Muñoz Lisbeth', 'Cont.Gest', 'Contabilidad y Gestión Tributaria', '3', '4'),
(842, '201321432', 'Apaza Bellido Kassandra Guadalupe', 'Cont.Gest', 'Contabilidad y Gestión Tributaria', '3', '4'),
(843, '201323237', 'Arredondo Huaquisto Kelly', 'Cont.Gest', 'Contabilidad y Gestión Tributaria', '3', '4'),
(844, '201011248', 'Cabana Quispe Edson Higinio', 'Cont.Gest', 'Contabilidad y Gestión Tributaria', '3', '4'),
(845, '201222139', 'Chambi Chambi Idaluz Wendy', 'Cont.Gest', 'Contabilidad y Gestión Tributaria', '3', '4'),
(846, '201323232', 'Coaquira Calli Luz  Mery', 'Cont.Gest', 'Contabilidad y Gestión Tributaria', '3', '4'),
(847, '201011284', 'Coyla Lizarraga Kevin Christian', 'Cont.Gest', 'Contabilidad y Gestión Tributaria', '3', '4'),
(848, '201310688', 'Curro Chambi Beatriz Giuliana', 'Cont.Gest', 'Contabilidad y Gestión Tributaria', '3', '4'),
(849, '200710314', 'Gallegos Cespedes Jorge Luis', 'Cont.Gest', 'Contabilidad y Gestión Tributaria', '3', '4'),
(850, '201323239', 'Gutierrez Montesinos Yeni Roxana', 'Cont.Gest', 'Contabilidad y Gestión Tributaria', '3', '4'),
(851, '201222136', 'Hancco Ccopa Lusnadia Biviana', 'Cont.Gest', 'Contabilidad y Gestión Tributaria', '3', '4'),
(852, '201321386', 'Huanca Huanca Donai', 'Cont.Gest', 'Contabilidad y Gestión Tributaria', '3', '4'),
(853, '201323225', 'Huanca Torres Dashiell Carmen', 'Cont.Gest', 'Contabilidad y Gestión Tributaria', '3', '4'),
(854, '201321373', 'Idme Mamani Fatima Yhojamy', 'Cont.Gest', 'Contabilidad y Gestión Tributaria', '3', '4'),
(855, '201323231', 'Ito Capacoila Sonia', 'Cont.Gest', 'Contabilidad y Gestión Tributaria', '3', '4'),
(856, '201323243', 'Lujano Vilca Jasmin', 'Cont.Gest', 'Contabilidad y Gestión Tributaria', '3', '4'),
(857, '201321418', 'Machaca Yana Luis Angel', 'Cont.Gest', 'Contabilidad y Gestión Tributaria', '3', '4'),
(858, '201221126', 'Mamani Quispe Marcos Yuberd', 'Cont.Gest', 'Contabilidad y Gestión Tributaria', '3', '4'),
(859, '201321922', 'Pacori Benavente Luis Heber', 'Cont.Gest', 'Contabilidad y Gestión Tributaria', '3', '4'),
(860, '201222131', 'Pancca Humpiri Elva Marisol', 'Cont.Gest', 'Contabilidad y Gestión Tributaria', '3', '4'),
(861, '201323234', 'Quelca Catunta Ayde Leticia', 'Cont.Gest', 'Contabilidad y Gestión Tributaria', '3', '4'),
(862, '201323247', 'Quinto Chipana Jennifer Thalia', 'Cont.Gest', 'Contabilidad y Gestión Tributaria', '3', '4'),
(863, '201321372', 'Quispe Mamani Erica Yobana', 'Cont.Gest', 'Contabilidad y Gestión Tributaria', '3', '4'),
(864, '201310658', 'Ramos Mamani Adón', 'Cont.Gest', 'Contabilidad y Gestión Tributaria', '3', '4'),
(865, '201323250', 'Ramos Quispe Nilsa Elizabeth', 'Cont.Gest', 'Contabilidad y Gestión Tributaria', '3', '4'),
(866, '201323248', 'Roque Carlos Haydee', 'Cont.Gest', 'Contabilidad y Gestión Tributaria', '3', '4'),
(867, '201110034', 'Zevallos Mamani Alexander Cristhian', 'Cont.Gest', 'Contabilidad y Gestión Tributaria', '3', '4'),
(868, '201323227', 'Zuñiga Mamani Abad Severo', 'Cont.Gest', 'Contabilidad y Gestión Tributaria', '3', '4'),
(869, '201210044', 'Apaza Calla Lilian Liseth', 'Cont.Gest', 'Contabilidad y Gestión Tributaria', '5', '1'),
(870, '201221090', 'Condori Quispe Carol Dacia', 'Cont.Gest', 'Contabilidad y Gestión Tributaria', '5', '1'),
(871, '201121077', 'Espejo Mercado Yusida', 'Cont.Gest', 'Contabilidad y Gestión Tributaria', '5', '1'),
(872, '201421258', 'Espinoza Sanchez Sara Raquel', 'Cont.Gest', 'Contabilidad y Gestión Tributaria', '5', '1'),
(873, '201122637', 'Hilasaca Ito Marlene Zaida', 'Cont.Gest', 'Contabilidad y Gestión Tributaria', '5', '1'),
(874, '201222134', 'Huanca Cupi Walter', 'Cont.Gest', 'Contabilidad y Gestión Tributaria', '5', '1'),
(875, '201210490', 'Lopez Cusi Betty Yulissa', 'Cont.Gest', 'Contabilidad y Gestión Tributaria', '5', '1'),
(876, '201020252', 'Luna Cayo Yuri', 'Cont.Gest', 'Contabilidad y Gestión Tributaria', '5', '1'),
(877, '200620068', 'Machaca Saire Elizabeth', 'Cont.Gest', 'Contabilidad y Gestión Tributaria', '5', '1'),
(878, '201110650', 'Mamani Catacora Kelly', 'Cont.Gest', 'Contabilidad y Gestión Tributaria', '5', '1'),
(879, '201222144', 'Mamani Toledo Yessi', 'Cont.Gest', 'Contabilidad y Gestión Tributaria', '5', '1'),
(880, '201110105', 'Miranda Canaza Isabel Reyna', 'Cont.Gest', 'Contabilidad y Gestión Tributaria', '5', '1'),
(881, '201210055', 'Ordoñez Neyra Katherine Claverli', 'Cont.Gest', 'Contabilidad y Gestión Tributaria', '5', '1'),
(882, '201121045', 'Quispe Mamani Jaime', 'Cont.Gest', 'Contabilidad y Gestión Tributaria', '5', '1'),
(883, '201122592', 'Quispe Sanca Ruth Keyla', 'Cont.Gest', 'Contabilidad y Gestión Tributaria', '5', '1'),
(884, '201221096', 'Ticona Cutipa Ruth Belinda', 'Cont.Gest', 'Contabilidad y Gestión Tributaria', '5', '1'),
(885, '201222128', 'Tizon Humayasi Pamela Teresa', 'Cont.Gest', 'Contabilidad y Gestión Tributaria', '5', '1'),
(886, '201221118', 'Ucharico Juchani Grover  Eli', 'Cont.Gest', 'Contabilidad y Gestión Tributaria', '5', '1'),
(887, '201011392', 'Vilcapaza Mullisaca Yanet Nery', 'Cont.Gest', 'Contabilidad y Gestión Tributaria', '5', '1'),
(888, '201210042', 'Apaza Mamani Adonis', 'Cont.Gest', 'Contabilidad y Gestión Tributaria', '5', '2'),
(889, '201210041', 'Asqui Mamani Brayems Luis', 'Cont.Gest', 'Contabilidad y Gestión Tributaria', '5', '2'),
(890, '201220275', 'Cabrera Ccana Yesenia Karen', 'Cont.Gest', 'Contabilidad y Gestión Tributaria', '5', '2'),
(891, '201221109', 'Ccallo Ginez César Liner', 'Cont.Gest', 'Contabilidad y Gestión Tributaria', '5', '2'),
(892, '201221310', 'Chañi Umiyauri Lizbeth', 'Cont.Gest', 'Contabilidad y Gestión Tributaria', '5', '2'),
(893, '201221117', 'Chambi Mayta Frank Alexander', 'Cont.Gest', 'Contabilidad y Gestión Tributaria', '5', '2'),
(894, '201222148', 'Churata Larico Isaac', 'Cont.Gest', 'Contabilidad y Gestión Tributaria', '5', '2'),
(895, '201221071', 'Coaquira Mayta Edgar Willy', 'Cont.Gest', 'Contabilidad y Gestión Tributaria', '5', '2'),
(896, '201221115', 'Cutimbo Apaza Nadine Vianey', 'Cont.Gest', 'Contabilidad y Gestión Tributaria', '5', '2'),
(897, '200921298', 'Espinoza Mamani Rodny Dante', 'Cont.Gest', 'Contabilidad y Gestión Tributaria', '5', '2'),
(898, '201221098', 'Garnica Cutisaca Evelyn Tiffany', 'Cont.Gest', 'Contabilidad y Gestión Tributaria', '5', '2'),
(899, '200611007', 'Huichi Aguilar Omar Paul', 'Cont.Gest', 'Contabilidad y Gestión Tributaria', '5', '2'),
(900, '201210463', 'Llaca Mamani Daniel Humberto', 'Cont.Gest', 'Contabilidad y Gestión Tributaria', '5', '2'),
(901, '201221094', 'Mamani Huaracallo Kelwin De Sales', 'Cont.Gest', 'Contabilidad y Gestión Tributaria', '5', '2'),
(902, '201221064', 'Mamani Mamani Yeny', 'Cont.Gest', 'Contabilidad y Gestión Tributaria', '5', '2'),
(903, '201122661', 'Mamani Suaquita Elvis', 'Cont.Gest', 'Contabilidad y Gestión Tributaria', '5', '2'),
(904, '201210046', 'Mamani Zela Saripta', 'Cont.Gest', 'Contabilidad y Gestión Tributaria', '5', '2'),
(905, '201221120', 'Olivera Mamani Jhon Maikoll', 'Cont.Gest', 'Contabilidad y Gestión Tributaria', '5', '2'),
(906, '201221138', 'Paredes Chipana Gaby Meliza', 'Cont.Gest', 'Contabilidad y Gestión Tributaria', '5', '2'),
(907, '201222162', 'Quispe Yanapa Karin Cintiha', 'Cont.Gest', 'Contabilidad y Gestión Tributaria', '5', '2'),
(908, '201210024', 'Rafael Pari Liliana Belinda', 'Cont.Gest', 'Contabilidad y Gestión Tributaria', '5', '2'),
(909, '201221078', 'Saire Leon Janeth', 'Cont.Gest', 'Contabilidad y Gestión Tributaria', '5', '2'),
(910, '201221111', 'Soncco Jacho Nany', 'Cont.Gest', 'Contabilidad y Gestión Tributaria', '5', '2'),
(911, '201221314', 'Sucasaca Estofanero Kenia Karina', 'Cont.Gest', 'Contabilidad y Gestión Tributaria', '5', '2'),
(912, '201221223', 'Turpo Pineda Magdalena', 'Cont.Gest', 'Contabilidad y Gestión Tributaria', '5', '2'),
(913, '201221083', 'Velásquez Coaquira Liduvina Jemima', 'Cont.Gest', 'Contabilidad y Gestión Tributaria', '5', '2'),
(914, '201221105', 'Vásquez Chambi Jordy', 'Cont.Gest', 'Contabilidad y Gestión Tributaria', '5', '2'),
(915, '201221227', 'Zavala Quispe Mariela Magaly', 'Cont.Gest', 'Contabilidad y Gestión Tributaria', '5', '2'),
(916, '201221073', 'Ari Vilca Mayumi Mireya', 'Cont.Gest', 'Contabilidad y Gestión Tributaria', '5', '3'),
(917, '200820286', 'Barrientos Ccama David', 'Cont.Gest', 'Contabilidad y Gestión Tributaria', '5', '3'),
(918, '201122642', 'Cahuapaza Serpa Luis Alberto', 'Cont.Gest', 'Contabilidad y Gestión Tributaria', '5', '3'),
(919, '201210027', 'Cahui Chambi Zaida', 'Cont.Gest', 'Contabilidad y Gestión Tributaria', '5', '3'),
(920, '201221067', 'Condori Condori Ana Susana', 'Cont.Gest', 'Contabilidad y Gestión Tributaria', '5', '3'),
(921, '201221131', 'Condori Condori Yajaida', 'Cont.Gest', 'Contabilidad y Gestión Tributaria', '5', '3'),
(922, '201020238', 'Condori Machaca Nilbar', 'Cont.Gest', 'Contabilidad y Gestión Tributaria', '5', '3'),
(923, '201210026', 'Condori Suca Zumitha Magalhy', 'Cont.Gest', 'Contabilidad y Gestión Tributaria', '5', '3'),
(924, '201221066', 'Díaz Zárate Delia Luz', 'Cont.Gest', 'Contabilidad y Gestión Tributaria', '5', '3'),
(925, '201221110', 'Laura Alata Syntya Yasmin', 'Cont.Gest', 'Contabilidad y Gestión Tributaria', '5', '3'),
(926, '200710643', 'Lima Choquemaqui Abel', 'Cont.Gest', 'Contabilidad y Gestión Tributaria', '5', '3'),
(927, '201221225', 'Masco Ccama Lizbeth Yudy', 'Cont.Gest', 'Contabilidad y Gestión Tributaria', '5', '3'),
(928, '201110647', 'Perez Pinchi Felix', 'Cont.Gest', 'Contabilidad y Gestión Tributaria', '5', '3'),
(929, '201210033', 'Prieto Quispe Juan Carlos', 'Cont.Gest', 'Contabilidad y Gestión Tributaria', '5', '3'),
(930, '201220382', 'Quispe Huanca Ayrton Francisco', 'Cont.Gest', 'Contabilidad y Gestión Tributaria', '5', '3'),
(931, '201221226', 'Quispe Pelinco Ruth Rosmy', 'Cont.Gest', 'Contabilidad y Gestión Tributaria', '5', '3'),
(932, '201121219', 'Salca Quispe Omar Fidel', 'Cont.Gest', 'Contabilidad y Gestión Tributaria', '5', '3'),
(933, '201222137', 'Soto Condori Luis Alberto', 'Cont.Gest', 'Contabilidad y Gestión Tributaria', '5', '3'),
(934, '201221062', 'Uscamayta Quispe Cesia', 'Cont.Gest', 'Contabilidad y Gestión Tributaria', '5', '3'),
(935, '201221108', 'Viza Quispe Ana Mirian', 'Cont.Gest', 'Contabilidad y Gestión Tributaria', '5', '3'),
(936, '201222159', 'Amao Quispe Edwar Adel', 'Cont.Gest', 'Contabilidad y Gestión Tributaria', '5', '4'),
(937, '201222153', 'Apaza Apaza Eddy Saúl', 'Cont.Gest', 'Contabilidad y Gestión Tributaria', '5', '4'),
(938, '201122681', 'Apaza Larico Bercy Nira', 'Cont.Gest', 'Contabilidad y Gestión Tributaria', '5', '4'),
(939, '201221084', 'Apaza Machaca Karen Fiorela', 'Cont.Gest', 'Contabilidad y Gestión Tributaria', '5', '4'),
(940, '201221060', 'Barrios Chura Americo Neumenn', 'Cont.Gest', 'Contabilidad y Gestión Tributaria', '5', '4'),
(941, '201221089', 'Caceres Cruz Milagros Magaly', 'Cont.Gest', 'Contabilidad y Gestión Tributaria', '5', '4');
INSERT INTO `estudiante` (`id`, `codigo`, `nombre`, `carrera`, `carrerafull`, `ciclo`, `grupo`) VALUES
(942, '201222142', 'Canaza Tito Yohana', 'Cont.Gest', 'Contabilidad y Gestión Tributaria', '5', '4'),
(943, '201221106', 'Chambi Mamani Hector', 'Cont.Gest', 'Contabilidad y Gestión Tributaria', '5', '4'),
(944, '201222135', 'Chambi Mamani Max Gluder', 'Cont.Gest', 'Contabilidad y Gestión Tributaria', '5', '4'),
(945, '201210057', 'Chira Paja Idon Walter', 'Cont.Gest', 'Contabilidad y Gestión Tributaria', '5', '4'),
(946, '201221079', 'Flores Villaca Ana Roxana', 'Cont.Gest', 'Contabilidad y Gestión Tributaria', '5', '4'),
(947, '201210029', 'Hancco Flores Olivia Beatriz', 'Cont.Gest', 'Contabilidad y Gestión Tributaria', '5', '4'),
(948, '201221103', 'La Rosa Cerf Paola', 'Cont.Gest', 'Contabilidad y Gestión Tributaria', '5', '4'),
(949, '201221061', 'La Rosa Coarita Zenia', 'Cont.Gest', 'Contabilidad y Gestión Tributaria', '5', '4'),
(950, '201222151', 'Linares Vilca Yessica Saida', 'Cont.Gest', 'Contabilidad y Gestión Tributaria', '5', '4'),
(951, '201221068', 'Mamani Condori Yesica Leidy', 'Cont.Gest', 'Contabilidad y Gestión Tributaria', '5', '4'),
(952, '201222130', 'Marin Ramos Nelly', 'Cont.Gest', 'Contabilidad y Gestión Tributaria', '5', '4'),
(953, '201221070', 'Montesinos Arestegui Jesus Abraham', 'Cont.Gest', 'Contabilidad y Gestión Tributaria', '5', '4'),
(954, '201222158', 'Parancco Catacora Olinda Magaly', 'Cont.Gest', 'Contabilidad y Gestión Tributaria', '5', '4'),
(955, '201210025', 'Pari Jimenez Daysy Rebeca', 'Cont.Gest', 'Contabilidad y Gestión Tributaria', '5', '4'),
(956, '201210053', 'Parrilla Huanca Yaneth Noemí', 'Cont.Gest', 'Contabilidad y Gestión Tributaria', '5', '4'),
(957, '201222141', 'Puma Quispe Annel', 'Cont.Gest', 'Contabilidad y Gestión Tributaria', '5', '4'),
(958, '201222129', 'Quispe Ccama Tatiana', 'Cont.Gest', 'Contabilidad y Gestión Tributaria', '5', '4'),
(959, '201222140', 'Tiña Aquino Nancy Estefany', 'Cont.Gest', 'Contabilidad y Gestión Tributaria', '5', '4'),
(960, '201210030', 'Ticona Condori Yoni Zaran', 'Cont.Gest', 'Contabilidad y Gestión Tributaria', '5', '4'),
(961, '201121249', 'Ticona Escobar Huver Juvenal', 'Cont.Gest', 'Contabilidad y Gestión Tributaria', '5', '4'),
(962, '201221140', 'Ucharico Arratia Ervin Wismor', 'Cont.Gest', 'Contabilidad y Gestión Tributaria', '5', '4'),
(963, '201222133', 'Villanueva Montes Bryhi Karolina', 'Cont.Gest', 'Contabilidad y Gestión Tributaria', '5', '4'),
(964, '201221135', 'Yana Neira Milagros', 'Cont.Gest', 'Contabilidad y Gestión Tributaria', '5', '4'),
(965, '201321383', 'Baños Cueva Diana', 'Cont.Gest', 'Contabilidad y Gestión Tributaria', '6', 'X');

-- --------------------------------------------------------

--
-- Estructura de tabla para la tabla `evento`
--

CREATE TABLE IF NOT EXISTS `evento` (
  `id` int(10) NOT NULL AUTO_INCREMENT,
  `descripcion` varchar(30) NOT NULL,
  `fechaini` timestamp NOT NULL DEFAULT CURRENT_TIMESTAMP ON UPDATE CURRENT_TIMESTAMP,
  `fechafin` timestamp NOT NULL DEFAULT '0000-00-00 00:00:00',
  `ubicacion` varchar(40) NOT NULL,
  `costo1` double NOT NULL,
  `costo2` double NOT NULL,
  `costo3` double NOT NULL,
  PRIMARY KEY (`id`)
) ENGINE=InnoDB  DEFAULT CHARSET=latin1 AUTO_INCREMENT=6 ;

--
-- Volcado de datos para la tabla `evento`
--

INSERT INTO `evento` (`id`, `descripcion`, `fechaini`, `fechafin`, `ubicacion`, `costo1`, `costo2`, `costo3`) VALUES
(1, 'Cultura y Capilla 1', '2014-04-03 15:40:03', '2014-03-27 20:00:00', 'Coliseo UPeU Juliaca', 0, 0, 0),
(2, 'Marketing Digital', '2014-04-24 22:30:00', '2014-04-24 22:00:00', 'Coliseo UPeU Juliaca', 0, 0, 0),
(3, 'Cultura y Capilla 2', '2014-05-22 22:18:56', '2014-05-22 22:20:00', 'Coliseo UPeU Juliaca', 0, 0, 0),
(4, 'Cultura y Capilla 3', '2014-06-26 19:05:12', '2014-06-05 14:00:00', 'Coliseo UPeU Juliaca', 0, 0, 0),
(5, 'II Jornada Cientifica', '2014-06-13 05:00:00', '2014-06-13 13:00:00', 'Coliseo UPeU Juliaca', 0, 0, 0);

-- --------------------------------------------------------

--
-- Estructura de tabla para la tabla `persona`
--

CREATE TABLE IF NOT EXISTS `persona` (
  `id_persona` int(8) NOT NULL AUTO_INCREMENT,
  `nom_pe` varchar(50) NOT NULL,
  `dni_pe` int(8) NOT NULL,
  `dir_pe` varchar(60) NOT NULL,
  `cel_pe` varchar(15) NOT NULL,
  `ema_pe` varchar(40) NOT NULL,
  `niv_pe` varchar(20) NOT NULL,
  `usu_pe` varchar(20) NOT NULL,
  `pas_pe` varchar(60) NOT NULL,
  `act_pe` varchar(2) NOT NULL,
  `fec_pe` date NOT NULL,
  PRIMARY KEY (`id_persona`)
) ENGINE=InnoDB  DEFAULT CHARSET=latin1 AUTO_INCREMENT=3 ;

--
-- Volcado de datos para la tabla `persona`
--

INSERT INTO `persona` (`id_persona`, `nom_pe`, `dni_pe`, `dir_pe`, `cel_pe`, `ema_pe`, `niv_pe`, `usu_pe`, `pas_pe`, `act_pe`, `fec_pe`) VALUES
(1, 'Angel R. Condori C.', 40872314, 'Jr. Huancas 370', '950432314', 'juliacasoft@gmail.com', 'ADMINISTRADOR', 'admin', 'admin', 'SI', '2013-06-17'),
(2, 'Marco Antonio Ramos Torres', 2234324, 'Jr. Huancane 345', '', '', 'ADMINISTRADOR', 'marco', 'marco', 'SI', '0000-00-00');

-- --------------------------------------------------------

--
-- Estructura de tabla para la tabla `voucher`
--

CREATE TABLE IF NOT EXISTS `voucher` (
  `id` int(10) NOT NULL AUTO_INCREMENT,
  `estudiante_id` int(10) NOT NULL,
  `evento_id` int(10) NOT NULL,
  `numero` varchar(20) NOT NULL,
  `importe` double(10,2) NOT NULL,
  `tipo` varchar(20) NOT NULL,
  PRIMARY KEY (`id`)
) ENGINE=InnoDB  DEFAULT CHARSET=latin1 AUTO_INCREMENT=619 ;

--
-- Volcado de datos para la tabla `voucher`
--

INSERT INTO `voucher` (`id`, `estudiante_id`, `evento_id`, `numero`, `importe`, `tipo`) VALUES
(1, 841, 2, '70-0087 - 21/04/2014', 20.00, 'Estudiante'),
(2, 321, 2, '70-0088 - 22/04/2014', 20.00, 'Estudiante'),
(3, 811, 2, '70-0089 - 23/04/2014', 20.00, 'Estudiante'),
(4, 36, 2, '70-0089 - 23/04/2014', 20.00, 'Estudiante'),
(5, 750, 2, '70-0090 - 24/04/2014', 20.00, 'Estudiante'),
(6, 751, 2, '70-0089 - 23/04/2014', 20.00, 'Estudiante'),
(7, 438, 2, '70-0089 - 23/04/2014', 20.00, 'Estudiante'),
(8, 158, 2, '70-0090 - 24/04/2014', 20.00, 'Estudiante'),
(9, 465, 2, '70-0088 - 22/04/2014', 20.00, 'Estudiante'),
(10, 132, 2, '70-0089 - 23/04/2014', 20.00, 'Estudiante'),
(11, 936, 2, '70-0089 - 23/04/2014', 20.00, 'Estudiante'),
(12, 937, 2, '70-0089 - 23/04/2014', 20.00, 'Estudiante'),
(13, 159, 2, '70-0088 - 22/04/2014', 20.00, 'Estudiante'),
(14, 596, 2, '70-0087 - 21/04/2014', 20.00, 'Estudiante'),
(15, 842, 2, '70-0087 - 21/04/2014', 20.00, 'Estudiante'),
(16, 869, 2, '70-0090 - 24/04/2014', 20.00, 'Estudiante'),
(17, 439, 2, '70-0089 - 23/04/2014', 20.00, 'Estudiante'),
(18, 641, 2, '70-0085 - 16/04/2014', 20.00, 'Estudiante'),
(19, 641, 2, '70-0090 - 24/04/2014', 20.00, 'Estudiante'),
(20, 752, 2, '70-0089 - 23/04/2014', 20.00, 'Estudiante'),
(21, 752, 2, '70-0089 - 23/04/2014', 20.00, 'Estudiante'),
(22, 782, 2, '70-0088 - 22/04/2014', 20.00, 'Estudiante'),
(23, 232, 2, '70-0090 - 24/04/2014', 20.00, 'Estudiante'),
(24, 677, 2, '70-0089 - 23/04/2014', 20.00, 'Estudiante'),
(25, 291, 2, '70-0088 - 22/04/2014', 20.00, 'Estudiante'),
(26, 100, 2, '70-0087 - 21/04/2014', 20.00, 'Estudiante'),
(27, 292, 2, '70-0088 - 22/04/2014', 20.00, 'Estudiante'),
(28, 466, 2, '70-0088 - 22/04/2014', 20.00, 'Estudiante'),
(29, 322, 2, '70-0090 - 24/04/2014', 20.00, 'Estudiante'),
(30, 101, 2, '70-0079 - 09/04/2014', 20.00, 'Estudiante'),
(31, 938, 2, '70-0088 - 22/04/2014', 20.00, 'Estudiante'),
(32, 939, 2, '70-0088 - 22/04/2014', 20.00, 'Estudiante'),
(33, 133, 2, '70-0088 - 22/04/2014', 20.00, 'Estudiante'),
(34, 208, 2, '70-0089 - 23/04/2014', 20.00, 'Estudiante'),
(35, 440, 2, '70-0089 - 23/04/2014', 20.00, 'Estudiante'),
(36, 678, 2, '70-0089 - 23/04/2014', 20.00, 'Estudiante'),
(37, 679, 2, '70-0089 - 23/04/2014', 20.00, 'Estudiante'),
(38, 642, 2, '70-0085 - 16/04/2014', 20.00, 'Estudiante'),
(39, 812, 2, '70-0090 - 24/04/2014', 20.00, 'Estudiante'),
(40, 813, 2, '70-0089 - 23/04/2014', 20.00, 'Estudiante'),
(41, 916, 2, '70-0089 - 23/04/2014', 20.00, 'Estudiante'),
(42, 643, 2, '70-0085 - 16/04/2014', 20.00, 'Estudiante'),
(43, 753, 2, '70-0088 - 22/04/2014', 20.00, 'Estudiante'),
(44, 843, 2, '70-0088 - 22/04/2014', 20.00, 'Estudiante'),
(45, 604, 2, '70-0087 - 21/04/2014', 20.00, 'Estudiante'),
(46, 814, 2, '70-0087 - 21/04/2014', 20.00, 'Estudiante'),
(47, 785, 2, '70-0088 - 22/04/2014', 20.00, 'Estudiante'),
(48, 262, 2, '70-0089 - 23/04/2014', 20.00, 'Estudiante'),
(49, 644, 2, '70-0089 - 23/04/2014', 20.00, 'Estudiante'),
(50, 754, 2, '70-0089 - 23/04/2014', 20.00, 'Estudiante'),
(51, 965, 2, '70-0088 - 22/04/2014', 20.00, 'Estudiante'),
(52, 917, 2, '70-0089 - 23/04/2014', 20.00, 'Estudiante'),
(53, 940, 2, '70-0087 - 21/04/2014', 20.00, 'Estudiante'),
(54, 37, 2, '70-0080 - 10/04/2014', 20.00, 'Estudiante'),
(55, 257, 2, '70-0089 - 23/04/2014', 20.00, 'Estudiante'),
(56, 160, 2, '70-0088 - 22/04/2014', 20.00, 'Estudiante'),
(57, 941, 2, '70-0087 - 21/04/2014', 20.00, 'Estudiante'),
(58, 941, 2, '70-0087 - 21/04/2014', 20.00, 'Estudiante'),
(59, 683, 2, '70-0089 - 23/04/2014', 20.00, 'Estudiante'),
(60, 605, 2, '70-0087 - 21/04/2014', 20.00, 'Estudiante'),
(61, 919, 2, '70-0088 - 22/04/2014', 20.00, 'Estudiante'),
(62, 786, 2, '70-0089 - 23/04/2014', 20.00, 'Estudiante'),
(63, 406, 2, '70-0088 - 22/04/2014', 20.00, 'Estudiante'),
(64, 645, 2, '70-0085 - 16/04/2014', 20.00, 'Estudiante'),
(65, 755, 2, '70-0089 - 23/04/2014', 20.00, 'Estudiante'),
(66, 6, 2, '70-0089 - 23/04/2014', 20.00, 'Estudiante'),
(67, 135, 2, '70-0088 - 22/04/2014', 20.00, 'Estudiante'),
(68, 559, 2, '70-0093 - 28/04/2014', 20.00, 'Estudiante'),
(69, 70, 2, '70-0088 - 22/04/2014', 20.00, 'Estudiante'),
(70, 38, 2, '70-0089 - 23/04/2014', 20.00, 'Estudiante'),
(71, 7, 2, '70-0089 - 23/04/2014', 20.00, 'Estudiante'),
(72, 102, 2, '70-0087 - 21/04/2014', 20.00, 'Estudiante'),
(73, 606, 2, '70-0088 - 22/04/2014', 20.00, 'Estudiante'),
(74, 684, 2, '70-0089 - 23/04/2014', 20.00, 'Estudiante'),
(75, 942, 2, '70-0088 - 22/04/2014', 20.00, 'Estudiante'),
(76, 209, 2, '70-0089 - 23/04/2014', 20.00, 'Estudiante'),
(77, 521, 2, '70-0089 - 23/04/2014', 20.00, 'Estudiante'),
(78, 685, 2, '70-0089 - 23/04/2014', 20.00, 'Estudiante'),
(79, 293, 2, '70-0089 - 23/04/2014', 20.00, 'Estudiante'),
(80, 263, 2, '70-0089 - 23/04/2014', 20.00, 'Estudiante'),
(81, 468, 2, '70-0088 - 22/04/2014', 20.00, 'Estudiante'),
(82, 324, 2, '70-0089 - 23/04/2014', 20.00, 'Estudiante'),
(83, 607, 2, '70-0089 - 23/04/2014', 20.00, 'Estudiante'),
(84, 71, 2, '70-0087 - 21/04/2014', 20.00, 'Estudiante'),
(85, 756, 2, '70-0089 - 23/04/2014', 20.00, 'Estudiante'),
(86, 235, 2, '70-0088 - 22/04/2014', 20.00, 'Estudiante'),
(87, 757, 2, '70-0089 - 23/04/2014', 20.00, 'Estudiante'),
(88, 39, 2, '70-0088 - 22/04/2014', 20.00, 'Estudiante'),
(89, 325, 2, '70-0087 - 21/04/2014', 20.00, 'Estudiante'),
(90, 8, 2, '70-0089 - 23/04/2014', 20.00, 'Estudiante'),
(91, 646, 2, '70-0085 - 16/04/2014', 20.00, 'Estudiante'),
(92, 1, 2, '70-0088 - 22/04/2014', 20.00, 'Estudiante'),
(93, 647, 2, '70-0085 - 16/04/2014', 20.00, 'Estudiante'),
(94, 264, 2, '70-0085 - 16/04/2014', 20.00, 'Estudiante'),
(95, 441, 2, '70-0090 - 24/04/2014', 20.00, 'Estudiante'),
(96, 162, 2, '70-0088 - 22/04/2014', 20.00, 'Estudiante'),
(97, 9, 2, '70-0089 - 23/04/2014', 20.00, 'Estudiante'),
(98, 787, 2, '70-0089 - 23/04/2014', 20.00, 'Estudiante'),
(99, 72, 2, '70-0087 - 21/04/2014', 20.00, 'Estudiante'),
(100, 648, 2, '70-0084 - 15/04/2014', 20.00, 'Estudiante'),
(101, 103, 2, '70-0083 - 14/04/2014', 20.00, 'Estudiante'),
(102, 238, 2, '70-0089 - 23/04/2014', 20.00, 'Estudiante'),
(103, 442, 2, '70-0089 - 23/04/2014', 20.00, 'Estudiante'),
(104, 408, 2, '70-0089 - 23/04/2014', 20.00, 'Estudiante'),
(105, 758, 2, '70-0090 - 24/04/2014', 20.00, 'Estudiante'),
(106, 294, 2, '70-0089 - 23/04/2014', 20.00, 'Estudiante'),
(107, 183, 2, '70-0087 - 21/04/2014', 20.00, 'Estudiante'),
(108, 759, 2, '70-0089 - 23/04/2014', 20.00, 'Estudiante'),
(109, 608, 2, '70-0089 - 23/04/2014', 20.00, 'Estudiante'),
(110, 409, 2, '70-0090 - 24/04/2014', 20.00, 'Estudiante'),
(111, 42, 2, '70-0089 - 23/04/2014', 20.00, 'Estudiante'),
(112, 10, 2, '70-0089 - 23/04/2014', 20.00, 'Estudiante'),
(113, 443, 2, '70-0090 - 24/04/2014', 20.00, 'Estudiante'),
(114, 943, 2, '70-0088 - 22/04/2014', 20.00, 'Estudiante'),
(115, 944, 2, '70-0090 - 24/04/2014', 20.00, 'Estudiante'),
(116, 525, 2, '70-0090 - 24/04/2014', 20.00, 'Estudiante'),
(117, 265, 2, '70-0088 - 22/04/2014', 20.00, 'Estudiante'),
(118, 401, 2, '70-0090 - 24/04/2014', 20.00, 'Estudiante'),
(119, 892, 2, '70-0090 - 24/04/2014', 20.00, 'Estudiante'),
(120, 609, 2, '70-0089 - 23/04/2014', 20.00, 'Estudiante'),
(121, 444, 2, '70-0089 - 23/04/2014', 20.00, 'Estudiante'),
(122, 11, 2, '70-0089 - 23/04/2014', 20.00, 'Estudiante'),
(123, 760, 2, '70-0090 - 24/04/2014', 20.00, 'Estudiante'),
(124, 43, 2, '70-0089 - 23/04/2014', 20.00, 'Estudiante'),
(125, 12, 2, '70-0089 - 23/04/2014', 20.00, 'Estudiante'),
(126, 73, 2, '70-0089 - 23/04/2014', 20.00, 'Estudiante'),
(127, 212, 2, '70-0089 - 23/04/2014', 20.00, 'Estudiante'),
(128, 610, 2, '70-0088 - 22/04/2014', 20.00, 'Estudiante'),
(129, 469, 2, '70-0087 - 21/04/2014', 20.00, 'Estudiante'),
(130, 788, 2, '70-0090 - 24/04/2014', 20.00, 'Estudiante'),
(131, 13, 2, '70-0089 - 23/04/2014', 20.00, 'Estudiante'),
(132, 106, 2, '70-0090 - 24/04/2014', 20.00, 'Estudiante'),
(133, 346, 2, '70-0088 - 22/04/2014', 20.00, 'Estudiante'),
(134, 445, 2, '70-0090 - 24/04/2014', 20.00, 'Estudiante'),
(135, 530, 2, '70-0089 - 23/04/2014', 20.00, 'Estudiante'),
(136, 163, 2, '70-0084 - 15/04/2014', 20.00, 'Estudiante'),
(137, 649, 2, '70-0081 - 11/04/2014', 20.00, 'Estudiante'),
(138, 789, 2, '70-0089 - 23/04/2014', 20.00, 'Estudiante'),
(139, 295, 2, '70-0089 - 23/04/2014', 20.00, 'Estudiante'),
(140, 846, 2, '70-0085 - 16/04/2014', 20.00, 'Estudiante'),
(141, 14, 2, '70-0089 - 23/04/2014', 20.00, 'Estudiante'),
(142, 266, 2, '70-0090 - 24/04/2014', 20.00, 'Estudiante'),
(143, 411, 2, '70-0087 - 21/04/2014', 20.00, 'Estudiante'),
(144, 107, 2, '70-0085 - 16/04/2014', 20.00, 'Estudiante'),
(145, 136, 2, '70-0088 - 22/04/2014', 20.00, 'Estudiante'),
(146, 108, 2, '70-0088 - 22/04/2014', 20.00, 'Estudiante'),
(147, 815, 2, '70-0089 - 23/04/2014', 20.00, 'Estudiante'),
(148, 687, 2, '70-0089 - 23/04/2014', 20.00, 'Estudiante'),
(149, 718, 2, '70-0089 - 23/04/2014', 20.00, 'Estudiante'),
(150, 74, 2, '70-0089 - 23/04/2014', 20.00, 'Estudiante'),
(151, 241, 2, '70-0090 - 24/04/2014', 20.00, 'Estudiante'),
(152, 921, 2, '70-0088 - 22/04/2014', 20.00, 'Estudiante'),
(153, 109, 2, '70-0088 - 22/04/2014', 20.00, 'Estudiante'),
(154, 494, 2, '70-0088 - 22/04/2014', 20.00, 'Estudiante'),
(155, 762, 2, '70-0088 - 22/04/2014', 20.00, 'Estudiante'),
(156, 75, 2, '70-0088 - 22/04/2014', 20.00, 'Estudiante'),
(157, 137, 2, '70-0085 - 16/04/2014', 20.00, 'Estudiante'),
(158, 110, 2, '70-0087 - 21/04/2014', 20.00, 'Estudiante'),
(159, 870, 2, '70-0090 - 24/04/2014', 20.00, 'Estudiante'),
(160, 242, 2, '70-0089 - 23/04/2014', 20.00, 'Estudiante'),
(161, 923, 2, '70-0089 - 23/04/2014', 20.00, 'Estudiante'),
(162, 763, 2, '70-0089 - 23/04/2014', 20.00, 'Estudiante'),
(163, 533, 2, '70-0090 - 24/04/2014', 20.00, 'Estudiante'),
(164, 76, 2, '70-0089 - 23/04/2014', 20.00, 'Estudiante'),
(165, 563, 2, '70-0085 - 16/04/2014', 20.00, 'Estudiante'),
(166, 790, 2, '70-0089 - 23/04/2014', 20.00, 'Estudiante'),
(167, 77, 2, '70-0089 - 23/04/2014', 20.00, 'Estudiante'),
(168, 847, 2, '70-0088 - 22/04/2014', 20.00, 'Estudiante'),
(169, 79, 2, '70-0087 - 21/04/2014', 20.00, 'Estudiante'),
(170, 651, 2, '70-0089 - 23/04/2014', 20.00, 'Estudiante'),
(171, 111, 2, '70-0088 - 22/04/2014', 20.00, 'Estudiante'),
(172, 652, 2, '70-0085 - 16/04/2014', 20.00, 'Estudiante'),
(173, 184, 2, '70-0087 - 21/04/2014', 20.00, 'Estudiante'),
(174, 80, 2, '70-0090 - 24/04/2014', 20.00, 'Estudiante'),
(175, 848, 2, '70-0084 - 15/04/2014', 20.00, 'Estudiante'),
(176, 412, 2, '70-0089 - 23/04/2014', 20.00, 'Estudiante'),
(177, 764, 2, '70-0090 - 24/04/2014', 20.00, 'Estudiante'),
(178, 896, 2, '70-0088 - 22/04/2014', 20.00, 'Estudiante'),
(179, 611, 2, '70-0088 - 22/04/2014', 20.00, 'Estudiante'),
(180, 185, 2, '70-0087 - 21/04/2014', 20.00, 'Estudiante'),
(181, 791, 2, '70-0088 - 22/04/2014', 20.00, 'Estudiante'),
(182, 297, 2, '70-0090 - 24/04/2014', 20.00, 'Estudiante'),
(183, 924, 2, '70-0089 - 23/04/2014', 20.00, 'Estudiante'),
(184, 653, 2, '70-0085 - 16/04/2014', 20.00, 'Estudiante'),
(185, 689, 2, '70-0089 - 23/04/2014', 20.00, 'Estudiante'),
(186, 871, 2, '70-0089 - 23/04/2014', 20.00, 'Estudiante'),
(187, 654, 2, '70-0089 - 23/04/2014', 20.00, 'Estudiante'),
(188, 872, 2, '70-0089 - 23/04/2014', 20.00, 'Estudiante'),
(189, 816, 2, '70-0087 - 21/04/2014', 20.00, 'Estudiante'),
(190, 165, 2, '70-0089 - 23/04/2014', 20.00, 'Estudiante'),
(191, 138, 2, '70-0088 - 22/04/2014', 20.00, 'Estudiante'),
(192, 139, 2, '70-0088 - 22/04/2014', 20.00, 'Estudiante'),
(193, 81, 2, '70-0087 - 21/04/2014', 20.00, 'Estudiante'),
(194, 497, 2, '70-0090 - 24/04/2014', 20.00, 'Estudiante'),
(195, 16, 2, '70-0089 - 23/04/2014', 20.00, 'Estudiante'),
(196, 537, 2, '70-0089 - 23/04/2014', 20.00, 'Estudiante'),
(197, 268, 2, '70-0089 - 23/04/2014', 20.00, 'Estudiante'),
(198, 243, 2, '70-0089 - 23/04/2014', 20.00, 'Estudiante'),
(199, 470, 2, '70-0089 - 23/04/2014', 20.00, 'Estudiante'),
(200, 17, 2, '70-0089 - 23/04/2014', 20.00, 'Estudiante'),
(201, 946, 2, '70-0088 - 22/04/2014', 20.00, 'Estudiante'),
(202, 327, 2, '70-0088 - 22/04/2014', 20.00, 'Estudiante'),
(203, 849, 2, '70-0085 - 16/04/2014', 20.00, 'Estudiante'),
(204, 655, 2, '70-0087 - 21/04/2014', 20.00, 'Estudiante'),
(205, 44, 2, '70-0089 - 23/04/2014', 20.00, 'Estudiante'),
(206, 566, 2, '70-0089 - 23/04/2014', 20.00, 'Estudiante'),
(207, 898, 2, '70-0090 - 24/04/2014', 20.00, 'Estudiante'),
(208, 186, 2, '70-0087 - 21/04/2014', 20.00, 'Estudiante'),
(209, 538, 2, '70-0090 - 24/04/2014', 20.00, 'Estudiante'),
(210, 793, 2, '70-0090 - 24/04/2014', 20.00, 'Estudiante'),
(211, 187, 2, '70-0087 - 21/04/2014', 20.00, 'Estudiante'),
(212, 140, 2, '70-0088 - 22/04/2014', 20.00, 'Estudiante'),
(213, 213, 2, '70-0089 - 23/04/2014', 20.00, 'Estudiante'),
(214, 612, 2, '70-0087 - 21/04/2014', 20.00, 'Estudiante'),
(215, 166, 2, '70-0089 - 23/04/2014', 20.00, 'Estudiante'),
(216, 298, 2, '70-0089 - 23/04/2014', 20.00, 'Estudiante'),
(217, 45, 2, '70-0089 - 23/04/2014', 20.00, 'Estudiante'),
(218, 417, 2, '70-0087 - 21/04/2014', 20.00, 'Estudiante'),
(219, 188, 2, '70-0087 - 21/04/2014', 20.00, 'Estudiante'),
(220, 415, 2, '70-0089 - 23/04/2014', 20.00, 'Estudiante'),
(221, 850, 2, '70-0085 - 16/04/2014', 20.00, 'Estudiante'),
(222, 416, 2, '70-0087 - 21/04/2014', 20.00, 'Estudiante'),
(223, 613, 2, '70-0078 - 08/04/2014', 20.00, 'Estudiante'),
(224, 167, 2, '70-0089 - 23/04/2014', 20.00, 'Estudiante'),
(225, 656, 2, '70-0087 - 21/04/2014', 20.00, 'Estudiante'),
(226, 851, 2, '70-0088 - 22/04/2014', 20.00, 'Estudiante'),
(227, 947, 2, '70-0087 - 21/04/2014', 20.00, 'Estudiante'),
(228, 214, 2, '70-0089 - 23/04/2014', 20.00, 'Estudiante'),
(229, 614, 2, '70-0089 - 23/04/2014', 20.00, 'Estudiante'),
(230, 189, 2, '70-0087 - 21/04/2014', 20.00, 'Estudiante'),
(231, 447, 2, '70-0089 - 23/04/2014', 20.00, 'Estudiante'),
(232, 448, 2, '70-0089 - 23/04/2014', 20.00, 'Estudiante'),
(233, 873, 2, '70-0090 - 24/04/2014', 20.00, 'Estudiante'),
(234, 817, 2, '70-0089 - 23/04/2014', 20.00, 'Estudiante'),
(235, 142, 2, '70-0087 - 21/04/2014', 20.00, 'Estudiante'),
(236, 191, 2, '70-0087 - 21/04/2014', 20.00, 'Estudiante'),
(237, 269, 2, '70-0090 - 24/04/2014', 20.00, 'Estudiante'),
(238, 46, 2, '70-0089 - 23/04/2014', 20.00, 'Estudiante'),
(239, 794, 2, '70-0089 - 23/04/2014', 20.00, 'Estudiante'),
(240, 299, 2, '70-0089 - 23/04/2014', 20.00, 'Estudiante'),
(241, 168, 2, '70-0087 - 21/04/2014', 20.00, 'Estudiante'),
(242, 112, 2, '70-0088 - 22/04/2014', 20.00, 'Estudiante'),
(243, 657, 2, '70-0080 - 10/04/2014', 20.00, 'Estudiante'),
(244, 47, 2, '70-0089 - 23/04/2014', 20.00, 'Estudiante'),
(245, 616, 2, '70-0089 - 23/04/2014', 20.00, 'Estudiante'),
(246, 82, 2, '70-0089 - 23/04/2014', 20.00, 'Estudiante'),
(247, 853, 2, '70-0085 - 16/04/2014', 20.00, 'Estudiante'),
(248, 300, 2, '70-0089 - 23/04/2014', 20.00, 'Estudiante'),
(249, 18, 2, '70-0089 - 23/04/2014', 20.00, 'Estudiante'),
(250, 617, 2, '70-0089 - 23/04/2014', 20.00, 'Estudiante'),
(251, 328, 2, '70-0088 - 22/04/2014', 20.00, 'Estudiante'),
(252, 113, 2, '70-0090 - 24/04/2014', 20.00, 'Estudiante'),
(253, 818, 2, '70-0089 - 23/04/2014', 20.00, 'Estudiante'),
(254, 569, 2, '70-0088 - 22/04/2014', 20.00, 'Estudiante'),
(255, 98, 2, '70-0089 - 23/04/2014', 20.00, 'Estudiante'),
(256, 765, 2, '70-0088 - 22/04/2014', 20.00, 'Estudiante'),
(257, 329, 2, '70-0087 - 21/04/2014', 20.00, 'Estudiante'),
(258, 244, 2, '70-0090 - 24/04/2014', 20.00, 'Estudiante'),
(259, 48, 2, '70-0088 - 22/04/2014', 20.00, 'Estudiante'),
(260, 192, 2, '70-0087 - 21/04/2014', 20.00, 'Estudiante'),
(261, 618, 2, '70-0088 - 22/04/2014', 20.00, 'Estudiante'),
(262, 795, 2, '70-0089 - 23/04/2014', 20.00, 'Estudiante'),
(263, 193, 2, '70-0087 - 21/04/2014', 20.00, 'Estudiante'),
(264, 418, 2, '70-0088 - 22/04/2014', 20.00, 'Estudiante'),
(265, 854, 2, '70-0085 - 16/04/2014', 20.00, 'Estudiante'),
(266, 245, 2, '70-0090 - 24/04/2014', 20.00, 'Estudiante'),
(267, 271, 2, '70-0085 - 16/04/2014', 20.00, 'Estudiante'),
(268, 658, 2, '70-0080 - 10/04/2014', 20.00, 'Estudiante'),
(269, 619, 2, '70-0087 - 21/04/2014', 20.00, 'Estudiante'),
(270, 855, 2, '70-0085 - 16/04/2014', 20.00, 'Estudiante'),
(271, 659, 2, '70-0089 - 23/04/2014', 20.00, 'Estudiante'),
(272, 691, 2, '70-0089 - 23/04/2014', 20.00, 'Estudiante'),
(273, 246, 2, '70-0088 - 22/04/2014', 20.00, 'Estudiante'),
(274, 272, 2, '70-0085 - 16/04/2014', 20.00, 'Estudiante'),
(275, 419, 2, '70-0089 - 23/04/2014', 20.00, 'Estudiante'),
(276, 819, 2, '70-0089 - 23/04/2014', 20.00, 'Estudiante'),
(277, 49, 2, '70-0089 - 23/04/2014', 20.00, 'Estudiante'),
(278, 500, 2, '70-0088 - 22/04/2014', 20.00, 'Estudiante'),
(279, 273, 2, '70-0088 - 22/04/2014', 20.00, 'Estudiante'),
(280, 330, 2, '70-0087 - 21/04/2014', 20.00, 'Estudiante'),
(281, 449, 2, '70-0087 - 21/04/2014', 20.00, 'Estudiante'),
(282, 948, 2, '70-0089 - 23/04/2014', 20.00, 'Estudiante'),
(283, 949, 2, '70-0087 - 21/04/2014', 20.00, 'Estudiante'),
(284, 820, 2, '70-0089 - 23/04/2014', 20.00, 'Estudiante'),
(285, 215, 2, '70-0089 - 23/04/2014', 20.00, 'Estudiante'),
(286, 274, 2, '70-0089 - 23/04/2014', 20.00, 'Estudiante'),
(287, 660, 2, '70-0089 - 23/04/2014', 20.00, 'Estudiante'),
(288, 50, 2, '70-0089 - 23/04/2014', 20.00, 'Estudiante'),
(289, 352, 2, '70-0088 - 22/04/2014', 20.00, 'Estudiante'),
(290, 620, 2, '70-0087 - 21/04/2014', 20.00, 'Estudiante'),
(291, 661, 2, '70-0085 - 16/04/2014', 20.00, 'Estudiante'),
(292, 821, 2, '70-0089 - 23/04/2014', 20.00, 'Estudiante'),
(293, 420, 2, '70-0089 - 23/04/2014', 20.00, 'Estudiante'),
(294, 694, 2, '70-0089 - 23/04/2014', 20.00, 'Estudiante'),
(295, 950, 2, '70-0087 - 21/04/2014', 20.00, 'Estudiante'),
(296, 662, 2, '70-0080 - 10/04/2014', 20.00, 'Estudiante'),
(297, 421, 2, '70-0087 - 21/04/2014', 20.00, 'Estudiante'),
(298, 114, 2, '70-0084 - 15/04/2014', 20.00, 'Estudiante'),
(299, 663, 2, '70-0087 - 21/04/2014', 20.00, 'Estudiante'),
(300, 353, 2, '70-0088 - 22/04/2014', 20.00, 'Estudiante'),
(301, 331, 2, '70-0087 - 21/04/2014', 20.00, 'Estudiante'),
(302, 115, 2, '70-0083 - 14/04/2014', 20.00, 'Estudiante'),
(303, 422, 2, '70-0088 - 22/04/2014', 20.00, 'Estudiante'),
(304, 875, 2, '70-0089 - 23/04/2014', 20.00, 'Estudiante'),
(305, 116, 2, '70-0083 - 14/04/2014', 20.00, 'Estudiante'),
(306, 144, 2, '70-0088 - 22/04/2014', 20.00, 'Estudiante'),
(307, 51, 2, '70-0089 - 23/04/2014', 20.00, 'Estudiante'),
(308, 822, 2, '70-0089 - 23/04/2014', 20.00, 'Estudiante'),
(309, 856, 2, '70-0089 - 23/04/2014', 20.00, 'Estudiante'),
(310, 194, 2, '70-0089 - 23/04/2014', 20.00, 'Estudiante'),
(311, 695, 2, '70-0089 - 23/04/2014', 20.00, 'Estudiante'),
(312, 696, 2, '70-0089 - 23/04/2014', 20.00, 'Estudiante'),
(313, 796, 2, '70-0089 - 23/04/2014', 20.00, 'Estudiante'),
(314, 302, 2, '70-0089 - 23/04/2014', 20.00, 'Estudiante'),
(315, 623, 2, '70-0089 - 23/04/2014', 20.00, 'Estudiante'),
(316, 502, 2, '70-0090 - 24/04/2014', 20.00, 'Estudiante'),
(317, 217, 2, '70-0089 - 23/04/2014', 20.00, 'Estudiante'),
(318, 697, 2, '70-0089 - 23/04/2014', 20.00, 'Estudiante'),
(319, 52, 2, '70-0089 - 23/04/2014', 20.00, 'Estudiante'),
(320, 698, 2, '70-0089 - 23/04/2014', 20.00, 'Estudiante'),
(321, 877, 2, '70-0090 - 24/04/2014', 20.00, 'Estudiante'),
(322, 117, 2, '70-0089 - 23/04/2014', 20.00, 'Estudiante'),
(323, 857, 2, '70-0085 - 16/04/2014', 20.00, 'Estudiante'),
(324, 20, 2, '70-0089 - 23/04/2014', 20.00, 'Estudiante'),
(326, 423, 2, '70-0087 - 21/04/2014', 20.00, 'Estudiante'),
(327, 171, 2, '70-0088 - 22/04/2014', 20.00, 'Estudiante'),
(328, 424, 2, '70-0087 - 21/04/2014', 20.00, 'Estudiante'),
(329, 823, 2, '70-0089 - 23/04/2014', 20.00, 'Estudiante'),
(330, 878, 2, '70-0089 - 23/04/2014', 20.00, 'Estudiante'),
(331, 797, 2, '70-0089 - 23/04/2014', 20.00, 'Estudiante'),
(332, 146, 2, '70-0088 - 22/04/2014', 20.00, 'Estudiante'),
(333, 699, 2, '70-0089 - 23/04/2014', 20.00, 'Estudiante'),
(334, 824, 2, '70-0089 - 23/04/2014', 20.00, 'Estudiante'),
(335, 951, 2, '70-0087 - 21/04/2014', 20.00, 'Estudiante'),
(336, 21, 2, '70-0089 - 23/04/2014', 20.00, 'Estudiante'),
(337, 825, 2, '70-0089 - 23/04/2014', 20.00, 'Estudiante'),
(338, 333, 2, '70-0087 - 21/04/2014', 20.00, 'Estudiante'),
(339, 766, 2, '70-0087 - 21/04/2014', 20.00, 'Estudiante'),
(340, 767, 2, '70-0090 - 24/04/2014', 20.00, 'Estudiante'),
(341, 219, 2, '70-0089 - 23/04/2014', 20.00, 'Estudiante'),
(342, 195, 2, '70-0087 - 21/04/2014', 20.00, 'Estudiante'),
(343, 303, 2, '70-0089 - 23/04/2014', 20.00, 'Estudiante'),
(344, 902, 2, '70-0090 - 24/04/2014', 20.00, 'Estudiante'),
(345, 118, 2, '70-0083 - 14/04/2014', 20.00, 'Estudiante'),
(346, 22, 2, '70-0089 - 23/04/2014', 20.00, 'Estudiante'),
(347, 858, 2, '70-0090 - 24/04/2014', 20.00, 'Estudiante'),
(348, 119, 2, '70-0088 - 22/04/2014', 20.00, 'Estudiante'),
(349, 120, 2, '70-0083 - 14/04/2014', 20.00, 'Estudiante'),
(350, 541, 2, '70-0090 - 24/04/2014', 20.00, 'Estudiante'),
(351, 450, 2, '70-0089 - 23/04/2014', 20.00, 'Estudiante'),
(352, 23, 2, '70-0089 - 23/04/2014', 20.00, 'Estudiante'),
(353, 147, 2, '70-0088 - 22/04/2014', 20.00, 'Estudiante'),
(354, 54, 2, '70-0089 - 23/04/2014', 20.00, 'Estudiante'),
(355, 768, 2, '70-0088 - 22/04/2014', 20.00, 'Estudiante'),
(356, 879, 2, '70-0089 - 23/04/2014', 20.00, 'Estudiante'),
(357, 335, 2, '70-0090 - 24/04/2014', 20.00, 'Estudiante'),
(358, 335, 2, '70-0090 - 24/04/2014', 20.00, 'Estudiante'),
(359, 275, 2, '70-0090 - 24/04/2014', 20.00, 'Estudiante'),
(360, 336, 2, '70-0088 - 22/04/2014', 20.00, 'Estudiante'),
(361, 506, 2, '70-0090 - 24/04/2014', 20.00, 'Estudiante'),
(362, 952, 2, '70-0088 - 22/04/2014', 20.00, 'Estudiante'),
(363, 927, 2, '70-0088 - 22/04/2014', 20.00, 'Estudiante'),
(364, 507, 2, '70-0089 - 23/04/2014', 20.00, 'Estudiante'),
(365, 573, 2, '70-0089 - 23/04/2014', 20.00, 'Estudiante'),
(366, 475, 2, '70-0088 - 22/04/2014', 20.00, 'Estudiante'),
(367, 700, 2, '70-0089 - 23/04/2014', 20.00, 'Estudiante'),
(368, 476, 2, '70-0088 - 22/04/2014', 20.00, 'Estudiante'),
(369, 85, 2, '70-0087 - 21/04/2014', 20.00, 'Estudiante'),
(370, 626, 2, '70-0089 - 23/04/2014', 20.00, 'Estudiante'),
(371, 627, 2, '70-0088 - 22/04/2014', 20.00, 'Estudiante'),
(372, 769, 2, '70-0088 - 22/04/2014', 20.00, 'Estudiante'),
(373, 953, 2, '70-0088 - 22/04/2014', 20.00, 'Estudiante'),
(374, 173, 2, '70-0090 - 24/04/2014', 20.00, 'Estudiante'),
(375, 149, 2, '70-0087 - 21/04/2014', 20.00, 'Estudiante'),
(376, 25, 2, '70-0089 - 23/04/2014', 20.00, 'Estudiante'),
(377, 196, 2, '70-0087 - 21/04/2014', 20.00, 'Estudiante'),
(378, 517, 2, '70-0089 - 23/04/2014', 20.00, 'Estudiante'),
(379, 881, 2, '70-0089 - 23/04/2014', 20.00, 'Estudiante'),
(380, 150, 2, '70-0087 - 21/04/2014', 20.00, 'Estudiante'),
(381, 628, 2, '70-0087 - 21/04/2014', 20.00, 'Estudiante'),
(382, 543, 2, '70-0088 - 22/04/2014', 20.00, 'Estudiante'),
(383, 400, 2, '70-0089 - 23/04/2014', 20.00, 'Estudiante'),
(384, 452, 2, '70-0089 - 23/04/2014', 20.00, 'Estudiante'),
(385, 544, 2, '70-0089 - 23/04/2014', 20.00, 'Estudiante'),
(386, 629, 2, '70-0089 - 23/04/2014', 20.00, 'Estudiante'),
(387, 859, 2, '70-0087 - 21/04/2014', 20.00, 'Estudiante'),
(388, 306, 2, '70-0088 - 22/04/2014', 20.00, 'Estudiante'),
(389, 220, 2, '70-0089 - 23/04/2014', 20.00, 'Estudiante'),
(390, 26, 2, '70-0089 - 23/04/2014', 20.00, 'Estudiante'),
(391, 576, 2, '70-0087 - 21/04/2014', 20.00, 'Estudiante'),
(392, 122, 2, '70-0088 - 22/04/2014', 20.00, 'Estudiante'),
(393, 307, 2, '70-0088 - 22/04/2014', 20.00, 'Estudiante'),
(394, 197, 2, '70-0089 - 23/04/2014', 20.00, 'Estudiante'),
(395, 57, 2, '70-0089 - 23/04/2014', 20.00, 'Estudiante'),
(396, 860, 2, '70-0088 - 22/04/2014', 20.00, 'Estudiante'),
(397, 701, 2, '70-0084 - 15/04/2014', 20.00, 'Estudiante'),
(398, 308, 2, '70-0089 - 23/04/2014', 20.00, 'Estudiante'),
(399, 477, 2, '70-0088 - 22/04/2014', 20.00, 'Estudiante'),
(400, 309, 2, '70-0089 - 23/04/2014', 20.00, 'Estudiante'),
(401, 955, 2, '70-0089 - 23/04/2014', 20.00, 'Estudiante'),
(402, 666, 2, '70-0081 - 11/04/2014', 20.00, 'Estudiante'),
(403, 427, 2, '70-0088 - 22/04/2014', 20.00, 'Estudiante'),
(404, 511, 2, '70-0089 - 23/04/2014', 20.00, 'Estudiante'),
(405, 478, 2, '70-0088 - 22/04/2014', 20.00, 'Estudiante'),
(406, 151, 2, '70-0088 - 22/04/2014', 20.00, 'Estudiante'),
(407, 771, 2, '70-0089 - 23/04/2014', 20.00, 'Estudiante'),
(408, 152, 2, '70-0088 - 22/04/2014', 20.00, 'Estudiante'),
(409, 956, 2, '70-0088 - 22/04/2014', 20.00, 'Estudiante'),
(410, 310, 2, '70-0088 - 22/04/2014', 20.00, 'Estudiante'),
(411, 702, 2, '70-0089 - 23/04/2014', 20.00, 'Estudiante'),
(412, 772, 2, '70-0087 - 21/04/2014', 20.00, 'Estudiante'),
(413, 153, 2, '70-0085 - 16/04/2014', 20.00, 'Estudiante'),
(414, 436, 2, '70-0089 - 23/04/2014', 20.00, 'Estudiante'),
(415, 175, 2, '70-0089 - 23/04/2014', 20.00, 'Estudiante'),
(416, 87, 2, '70-0088 - 22/04/2014', 20.00, 'Estudiante'),
(417, 221, 2, '70-0089 - 23/04/2014', 20.00, 'Estudiante'),
(418, 278, 2, '70-0085 - 16/04/2014', 20.00, 'Estudiante'),
(419, 929, 2, '70-0089 - 23/04/2014', 20.00, 'Estudiante'),
(420, 339, 2, '70-0088 - 22/04/2014', 20.00, 'Estudiante'),
(421, 826, 2, '70-0089 - 23/04/2014', 20.00, 'Estudiante'),
(422, 957, 2, '70-0087 - 21/04/2014', 20.00, 'Estudiante'),
(423, 802, 2, '70-0089 - 23/04/2014', 20.00, 'Estudiante'),
(424, 703, 2, '70-0089 - 23/04/2014', 20.00, 'Estudiante'),
(425, 861, 2, '70-0087 - 21/04/2014', 20.00, 'Estudiante'),
(426, 630, 2, '70-0088 - 22/04/2014', 20.00, 'Estudiante'),
(427, 27, 2, '70-0089 - 23/04/2014', 20.00, 'Estudiante'),
(428, 862, 2, '70-0087 - 21/04/2014', 20.00, 'Estudiante'),
(429, 704, 2, '70-0089 - 23/04/2014', 20.00, 'Estudiante'),
(430, 176, 2, '70-0089 - 23/04/2014', 20.00, 'Estudiante'),
(431, 545, 2, '70-0090 - 24/04/2014', 20.00, 'Estudiante'),
(432, 222, 2, '70-0089 - 23/04/2014', 20.00, 'Estudiante'),
(433, 827, 2, '70-0089 - 23/04/2014', 20.00, 'Estudiante'),
(434, 547, 2, '70-0090 - 24/04/2014', 20.00, 'Estudiante'),
(435, 668, 2, '70-0085 - 16/04/2014', 20.00, 'Estudiante'),
(436, 958, 2, '70-0088 - 22/04/2014', 20.00, 'Estudiante'),
(437, 828, 2, '70-0089 - 23/04/2014', 20.00, 'Estudiante'),
(438, 829, 2, '70-0089 - 23/04/2014', 20.00, 'Estudiante'),
(439, 803, 2, '70-0090 - 24/04/2014', 20.00, 'Estudiante'),
(440, 705, 2, '70-0089 - 23/04/2014', 20.00, 'Estudiante'),
(441, 311, 2, '70-0088 - 22/04/2014', 20.00, 'Estudiante'),
(442, 340, 2, '70-0087 - 21/04/2014', 20.00, 'Estudiante'),
(443, 579, 2, '70-0089 - 23/04/2014', 20.00, 'Estudiante'),
(444, 773, 2, '70-0088 - 22/04/2014', 20.00, 'Estudiante'),
(445, 199, 2, '70-0087 - 21/04/2014', 20.00, 'Estudiante'),
(446, 28, 2, '70-0089 - 23/04/2014', 20.00, 'Estudiante'),
(447, 453, 2, '70-0089 - 23/04/2014', 20.00, 'Estudiante'),
(448, 930, 2, '70-0089 - 23/04/2014', 20.00, 'Estudiante'),
(449, 88, 2, '70-0089 - 23/04/2014', 20.00, 'Estudiante'),
(450, 357, 2, '70-0088 - 22/04/2014', 20.00, 'Estudiante'),
(451, 89, 2, '70-0087 - 21/04/2014', 20.00, 'Estudiante'),
(452, 480, 2, '70-0088 - 22/04/2014', 20.00, 'Estudiante'),
(453, 454, 2, '70-0090 - 24/04/2014', 20.00, 'Estudiante'),
(454, 312, 2, '70-0088 - 22/04/2014', 20.00, 'Estudiante'),
(455, 706, 2, '70-0089 - 23/04/2014', 20.00, 'Estudiante'),
(456, 882, 2, '70-0088 - 22/04/2014', 20.00, 'Estudiante'),
(457, 631, 2, '70-0088 - 22/04/2014', 20.00, 'Estudiante'),
(458, 632, 2, '70-0087 - 21/04/2014', 20.00, 'Estudiante'),
(459, 223, 2, '70-0089 - 23/04/2014', 20.00, 'Estudiante'),
(460, 774, 2, '70-0085 - 16/04/2014', 20.00, 'Estudiante'),
(461, 707, 2, '70-0089 - 23/04/2014', 20.00, 'Estudiante'),
(462, 90, 2, '70-0088 - 22/04/2014', 20.00, 'Estudiante'),
(463, 481, 2, '70-0088 - 22/04/2014', 20.00, 'Estudiante'),
(464, 931, 2, '70-0088 - 22/04/2014', 20.00, 'Estudiante'),
(465, 251, 2, '70-0088 - 22/04/2014', 20.00, 'Estudiante'),
(466, 224, 2, '70-0089 - 23/04/2014', 20.00, 'Estudiante'),
(467, 225, 2, '70-0089 - 23/04/2014', 20.00, 'Estudiante'),
(468, 633, 2, '70-0087 - 21/04/2014', 20.00, 'Estudiante'),
(469, 200, 2, '70-0087 - 21/04/2014', 20.00, 'Estudiante'),
(470, 775, 2, '70-0089 - 23/04/2014', 20.00, 'Estudiante'),
(471, 669, 2, '70-0084 - 15/04/2014', 20.00, 'Estudiante'),
(472, 201, 2, '70-0087 - 21/04/2014', 20.00, 'Estudiante'),
(473, 91, 2, '70-0087 - 21/04/2014', 20.00, 'Estudiante'),
(474, 738, 2, '70-0088 - 22/04/2014', 20.00, 'Estudiante'),
(475, 430, 2, '70-0088 - 22/04/2014', 20.00, 'Estudiante'),
(476, 29, 2, '70-0089 - 23/04/2014', 20.00, 'Estudiante'),
(477, 313, 2, '70-0089 - 23/04/2014', 20.00, 'Estudiante'),
(478, 670, 2, '70-0084 - 15/04/2014', 20.00, 'Estudiante'),
(479, 804, 2, '70-0088 - 22/04/2014', 20.00, 'Estudiante'),
(480, 431, 2, '70-0087 - 21/04/2014', 20.00, 'Estudiante'),
(481, 635, 2, '70-0087 - 21/04/2014', 20.00, 'Estudiante'),
(482, 671, 2, '70-0087 - 21/04/2014', 20.00, 'Estudiante'),
(483, 551, 2, '70-0090 - 24/04/2014', 20.00, 'Estudiante'),
(484, 58, 2, '70-0089 - 23/04/2014', 20.00, 'Estudiante'),
(485, 399, 2, '70-0090 - 24/04/2014', 20.00, 'Estudiante'),
(486, 864, 2, '70-0085 - 16/04/2014', 20.00, 'Estudiante'),
(487, 314, 2, '70-0088 - 22/04/2014', 20.00, 'Estudiante'),
(488, 708, 2, '70-0089 - 23/04/2014', 20.00, 'Estudiante'),
(489, 865, 2, '70-0085 - 16/04/2014', 20.00, 'Estudiante'),
(490, 279, 2, '70-0089 - 23/04/2014', 20.00, 'Estudiante'),
(491, 636, 2, '70-0089 - 23/04/2014', 20.00, 'Estudiante'),
(492, 177, 2, '70-0089 - 23/04/2014', 20.00, 'Estudiante'),
(493, 280, 2, '70-0085 - 16/04/2014', 20.00, 'Estudiante'),
(494, 281, 2, '70-0085 - 16/04/2014', 20.00, 'Estudiante'),
(495, 282, 2, '70-0089 - 23/04/2014', 20.00, 'Estudiante'),
(496, 437, 2, '70-0089 - 23/04/2014', 20.00, 'Estudiante'),
(497, 154, 2, '70-0088 - 22/04/2014', 20.00, 'Estudiante'),
(498, 126, 2, '70-0088 - 22/04/2014', 20.00, 'Estudiante'),
(499, 252, 2, '70-0089 - 23/04/2014', 20.00, 'Estudiante'),
(500, 866, 2, '70-0087 - 21/04/2014', 20.00, 'Estudiante'),
(501, 178, 2, '70-0090 - 24/04/2014', 20.00, 'Estudiante'),
(502, 315, 2, '70-0088 - 22/04/2014', 20.00, 'Estudiante'),
(503, 316, 2, '70-0088 - 22/04/2014', 20.00, 'Estudiante'),
(504, 833, 2, '70-0090 - 24/04/2014', 20.00, 'Estudiante'),
(505, 30, 2, '70-0089 - 23/04/2014', 20.00, 'Estudiante'),
(506, 127, 2, '70-0087 - 21/04/2014', 20.00, 'Estudiante'),
(507, 909, 2, '70-0090 - 24/04/2014', 20.00, 'Estudiante'),
(508, 128, 2, '70-0090 - 24/04/2014', 20.00, 'Estudiante'),
(509, 834, 2, '70-0089 - 23/04/2014', 20.00, 'Estudiante'),
(510, 580, 2, '70-0089 - 23/04/2014', 20.00, 'Estudiante'),
(511, 709, 2, '70-0089 - 23/04/2014', 20.00, 'Estudiante'),
(512, 92, 2, '70-0087 - 21/04/2014', 20.00, 'Estudiante'),
(513, 835, 2, '70-0089 - 23/04/2014', 20.00, 'Estudiante'),
(514, 455, 2, '70-0089 - 23/04/2014', 20.00, 'Estudiante'),
(515, 456, 2, '70-0089 - 23/04/2014', 20.00, 'Estudiante'),
(516, 155, 2, '70-0085 - 16/04/2014', 20.00, 'Estudiante'),
(517, 710, 2, '70-0089 - 23/04/2014', 20.00, 'Estudiante'),
(518, 59, 2, '70-0089 - 23/04/2014', 20.00, 'Estudiante'),
(519, 317, 2, '70-0089 - 23/04/2014', 20.00, 'Estudiante'),
(520, 933, 2, '70-0089 - 23/04/2014', 20.00, 'Estudiante'),
(521, 156, 2, '70-0089 - 23/04/2014', 20.00, 'Estudiante'),
(522, 776, 2, '70-0089 - 23/04/2014', 20.00, 'Estudiante'),
(523, 228, 2, '70-0089 - 23/04/2014', 20.00, 'Estudiante'),
(524, 60, 2, '70-0089 - 23/04/2014', 20.00, 'Estudiante'),
(525, 836, 2, '70-0089 - 23/04/2014', 20.00, 'Estudiante'),
(526, 61, 2, '70-0089 - 23/04/2014', 20.00, 'Estudiante'),
(527, 62, 2, '70-0088 - 22/04/2014', 20.00, 'Estudiante'),
(528, 805, 2, '70-0089 - 23/04/2014', 20.00, 'Estudiante'),
(529, 229, 2, '70-0089 - 23/04/2014', 20.00, 'Estudiante'),
(530, 93, 2, '70-0089 - 23/04/2014', 20.00, 'Estudiante'),
(531, 777, 2, '70-0089 - 23/04/2014', 20.00, 'Estudiante'),
(532, 457, 2, '70-0084 - 15/04/2014', 20.00, 'Estudiante'),
(533, 582, 2, '70-0080 - 10/04/2014', 20.00, 'Estudiante'),
(534, 837, 2, '70-0089 - 23/04/2014', 20.00, 'Estudiante'),
(535, 672, 2, '70-0087 - 21/04/2014', 20.00, 'Estudiante'),
(536, 458, 2, '70-0089 - 23/04/2014', 20.00, 'Estudiante'),
(537, 94, 2, '70-0087 - 21/04/2014', 20.00, 'Estudiante'),
(538, 838, 2, '70-0090 - 24/04/2014', 20.00, 'Estudiante'),
(539, 484, 2, '70-0088 - 22/04/2014', 20.00, 'Estudiante'),
(540, 31, 2, '70-0089 - 23/04/2014', 20.00, 'Estudiante'),
(541, 131, 2, '70-0088 - 22/04/2014', 20.00, 'Estudiante'),
(542, 95, 2, '70-0089 - 23/04/2014', 20.00, 'Estudiante'),
(543, 63, 2, '70-0089 - 23/04/2014', 20.00, 'Estudiante'),
(544, 179, 2, '70-0088 - 22/04/2014', 20.00, 'Estudiante'),
(545, 960, 2, '70-0088 - 22/04/2014', 20.00, 'Estudiante'),
(546, 884, 2, '70-0087 - 21/04/2014', 20.00, 'Estudiante'),
(547, 961, 2, '70-0087 - 21/04/2014', 20.00, 'Estudiante'),
(548, 778, 2, '70-0090 - 24/04/2014', 20.00, 'Estudiante'),
(549, 64, 2, '70-0089 - 23/04/2014', 20.00, 'Estudiante'),
(550, 283, 2, '70-0090 - 24/04/2014', 20.00, 'Estudiante'),
(551, 598, 2, '70-0090 - 24/04/2014', 20.00, 'Estudiante'),
(552, 959, 2, '70-0088 - 22/04/2014', 20.00, 'Estudiante'),
(553, 486, 2, '70-0089 - 23/04/2014', 20.00, 'Estudiante'),
(554, 806, 2, '70-0088 - 22/04/2014', 20.00, 'Estudiante'),
(555, 585, 2, '70-0087 - 21/04/2014', 20.00, 'Estudiante'),
(556, 807, 2, '70-0089 - 23/04/2014', 20.00, 'Estudiante'),
(557, 180, 2, '70-0089 - 23/04/2014', 20.00, 'Estudiante'),
(558, 459, 2, '70-0088 - 22/04/2014', 20.00, 'Estudiante'),
(559, 587, 2, '70-0088 - 22/04/2014', 20.00, 'Estudiante'),
(560, 808, 2, '70-0089 - 23/04/2014', 20.00, 'Estudiante'),
(561, 487, 2, '70-0088 - 22/04/2014', 20.00, 'Estudiante'),
(562, 885, 2, '70-0089 - 23/04/2014', 20.00, 'Estudiante'),
(563, 673, 2, '70-0088 - 22/04/2014', 20.00, 'Estudiante'),
(564, 711, 2, '70-0089 - 23/04/2014', 20.00, 'Estudiante'),
(565, 157, 2, '70-0088 - 22/04/2014', 20.00, 'Estudiante'),
(566, 203, 2, '70-0089 - 23/04/2014', 20.00, 'Estudiante'),
(567, 674, 2, '70-0087 - 21/04/2014', 20.00, 'Estudiante'),
(568, 204, 2, '70-0087 - 21/04/2014', 20.00, 'Estudiante'),
(569, 588, 2, '70-0085 - 16/04/2014', 20.00, 'Estudiante'),
(570, 255, 2, '70-0089 - 23/04/2014', 20.00, 'Estudiante'),
(571, 488, 2, '70-0089 - 23/04/2014', 20.00, 'Estudiante'),
(572, 460, 2, '70-0090 - 24/04/2014', 20.00, 'Estudiante'),
(573, 319, 2, '70-0088 - 22/04/2014', 20.00, 'Estudiante'),
(574, 361, 2, '70-0088 - 22/04/2014', 20.00, 'Estudiante'),
(575, 962, 2, '70-0087 - 21/04/2014', 20.00, 'Estudiante'),
(576, 886, 2, '70-0090 - 24/04/2014', 20.00, 'Estudiante'),
(577, 675, 2, '70-0087 - 21/04/2014', 20.00, 'Estudiante'),
(578, 66, 2, '70-0089 - 23/04/2014', 20.00, 'Estudiante'),
(579, 589, 2, '70-0088 - 22/04/2014', 20.00, 'Estudiante'),
(580, 285, 2, '70-0085 - 16/04/2014', 20.00, 'Estudiante'),
(581, 934, 2, '70-0088 - 22/04/2014', 20.00, 'Estudiante'),
(582, 33, 2, '70-0089 - 23/04/2014', 20.00, 'Estudiante'),
(583, 181, 2, '70-0089 - 23/04/2014', 20.00, 'Estudiante'),
(584, 433, 2, '70-0087 - 21/04/2014', 20.00, 'Estudiante'),
(585, 286, 2, '70-0089 - 23/04/2014', 20.00, 'Estudiante'),
(586, 97, 2, '70-0088 - 22/04/2014', 20.00, 'Estudiante'),
(587, 287, 2, '70-0085 - 16/04/2014', 20.00, 'Estudiante'),
(588, 514, 2, '70-0089 - 23/04/2014', 20.00, 'Estudiante'),
(589, 637, 2, '70-0088 - 22/04/2014', 20.00, 'Estudiante'),
(590, 913, 2, '70-0089 - 23/04/2014', 20.00, 'Estudiante'),
(591, 780, 2, '70-0088 - 22/04/2014', 20.00, 'Estudiante'),
(592, 288, 2, '70-0090 - 24/04/2014', 20.00, 'Estudiante'),
(593, 205, 2, '70-0087 - 21/04/2014', 20.00, 'Estudiante'),
(594, 362, 2, '70-0089 - 23/04/2014', 20.00, 'Estudiante'),
(595, 781, 2, '70-0088 - 22/04/2014', 20.00, 'Estudiante'),
(596, 363, 2, '70-0089 - 23/04/2014', 20.00, 'Estudiante'),
(597, 638, 2, '70-0088 - 22/04/2014', 20.00, 'Estudiante'),
(598, 206, 2, '70-0087 - 21/04/2014', 20.00, 'Estudiante'),
(599, 887, 2, '70-0089 - 23/04/2014', 20.00, 'Estudiante'),
(600, 207, 2, '70-0090 - 24/04/2014', 20.00, 'Estudiante'),
(601, 290, 2, '70-0089 - 23/04/2014', 20.00, 'Estudiante'),
(602, 963, 2, '70-0087 - 21/04/2014', 20.00, 'Estudiante'),
(603, 67, 2, '70-0089 - 23/04/2014', 20.00, 'Estudiante'),
(604, 964, 2, '70-0088 - 22/04/2014', 20.00, 'Estudiante'),
(605, 809, 2, '70-0089 - 23/04/2014', 20.00, 'Estudiante'),
(606, 489, 2, '70-0088 - 22/04/2014', 20.00, 'Estudiante'),
(607, 463, 2, '70-0089 - 23/04/2014', 20.00, 'Estudiante'),
(608, 639, 2, '70-0089 - 23/04/2014', 20.00, 'Estudiante'),
(609, 464, 2, '70-0090 - 24/04/2014', 20.00, 'Estudiante'),
(610, 35, 2, '70-0089 - 23/04/2014', 20.00, 'Estudiante'),
(611, 640, 2, '70-0088 - 22/04/2014', 20.00, 'Estudiante'),
(612, 344, 2, '70-0088 - 22/04/2014', 20.00, 'Estudiante'),
(613, 68, 2, '70-0089 - 23/04/2014', 20.00, 'Estudiante'),
(614, 867, 2, '70-0088 - 22/04/2014', 20.00, 'Estudiante'),
(615, 260, 2, '70-0090 - 24/04/2014', 20.00, 'Estudiante'),
(616, 868, 2, '70-0087 - 21/04/2014', 20.00, 'Estudiante'),
(617, 230, 2, '70-0089 - 23/04/2014', 20.00, 'Estudiante'),
(618, 320, 2, '70-0088 - 22/04/2014', 20.00, 'Estudiante');

/*!40101 SET CHARACTER_SET_CLIENT=@OLD_CHARACTER_SET_CLIENT */;
/*!40101 SET CHARACTER_SET_RESULTS=@OLD_CHARACTER_SET_RESULTS */;
/*!40101 SET COLLATION_CONNECTION=@OLD_COLLATION_CONNECTION */;
